iteration,time,US-AK,US-AL,US-AR,US-AZ,US-CA,US-CO,US-CT,US-DC,US-DE,US-FL,US-GA,US-HI,US-IA,US-ID,US-IL,US-IN,US-KS,US-KY,US-LA,US-MA,US-MD,US-ME,US-MI,US-MN,US-MO,US-MS,US-MT,US-NC,US-ND,US-NE,US-NH,US-NJ,US-NM,US-NV,US-NY,US-OH,US-OK,US-OR,US-PA,US-RI,US-SC,US-SD,US-TN,US-TX,US-UT,US-VA,US-VT,US-WA,US-WI,US-WV,US-WY
1,2012-01-01 12:00:00,0,0,0,0,0,0,0,0,0,0,0,0,0,0,0,0,0,0,0,0,0,0,0,0,0,0,0,0,0,0,0,0,0,0,0,0,0,0,0,0,0,0,0,0,0,0,0,0,0,0,0
2,2012-01-03 12:00:00,2346,2346,2346,2346,2346,2346,2346,2346,2346,2346,2346,2346,2346,2346,2346,2346,2346,2346,2346,2346,2346,2346,2346,2346,2346,2346,2346,2346,2346,2346,2346,2346,2346,2346,2346,2346,2346,2346,2346,2346,2346,2346,2346,2346,2346,2346,2346,2346,2346,2346,2346
3,2012-01-04 12:00:00,4692,4692,4692,4692,4692,4692,4692,4692,4692,4692,4692,4692,4692,4692,4692,4692,4692,4692,4692,4692,4692,4692,4692,4692,4692,4692,4692,4692,4692,4692,4692,4692,4692,4692,4692,4692,4692,4692,4692,4692,4692,4692,4692,4692,4692,4692,4692,4692,4692,4692,4692
4,2012-01-05 12:00:00,5740.6,5740.6,5740.6,5740.6,5740.6,5740.6,5740.6,5740.6,5740.6,5740.6,5740.6,5740.6,5740.6,5740.6,5740.6,5740.6,5740.6,5740.6,5740.6,5740.6,5740.6,5740.6,5740.6,5740.6,5740.6,5740.6,5740.6,5740.6,5740.6,5740.6,5740.6,5740.6,5740.6,5740.6,5740.6,5740.6,5740.6,5740.6,5740.6,5740.6,5740.6,5740.6,5740.6,5740.6,5740.6,5740.6,5740.6,5740.6,5740.6,5740.6,5740.6
5,2012-01-06 12:00:00,9384,9384,9384,9384,9384,9384,9384,9384,9384,9384,9384,9384,9384,9384,9384,9384,9384,9384,9384,9384,9384,9384,9384,9384,9384,9384,9384,9384,9384,9384,9384,9384,9384,9384,9384,9384,9384,9384,9384,9384,9384,9384,9384,9384,9384,9384,9384,9384,9384,9384,9384
6,2012-01-07 12:00:00,11730,11730,11730,11730,11730,11730,11730,11730,11730,11730,11730,11730,11730,11730,11730,11730,11730,11730,11730,11730,11730,11730,11730,11730,11730,11730,11730,11730,11730,11730,11730,11730,11730,11730,11730,11730,11730,11730,11730,11730,11730,11730,11730,11730,11730,11730,11730,11730,11730,11730,11730
7,2012-01-08 12:00:00,14076,14076,14076,14076,14076,14076,14076,14076,14076,14076,14076,14076,14076,14076,14076,14076,14076,14076,14076,14076,14076,14076,14076,14076,14076,14076,14076,14076,14076,14076,14076,14076,14076,14076,14076,14076,14076,14076,14076,14076,14076,14076,14076,14076,14076,14076,14076,14076,14076,14076,14076
8,2012-01-09 12:00:00,16422,16422,16422,16422,16422,16422,16422,16422,16422,16422,16422,16422,16422,16422,16422,16422,16422,16422,16422,16422,16422,16422,16422,16422,16422,16422,16422,16422,16422,16422,16422,16422,16422,16422,16422,16422,16422,16422,16422,16422,16422,16422,16422,16422,16422,16422,16422,16422,16422,16422,16422
9,2012-01-10 12:00:00,18768,18768,18768,18768,18768,18768,18768,18768,18768,18768,18768,18768,18768,18768,18768,18768,18768,18768,18768,18768,18768,18768,18768,18768,18768,18768,18768,18768,18768,18768,18768,18768,18768,18768,18768,18768,18768,18768,18768,18768,18768,18768,18768,18768,18768,18768,18768,18768,18768,18768,18768
10,2012-01-11 12:00:00,21114,21114,21114,21114,21114,21114,21114,21114,21114,21114,21114,21114,21114,21114,21114,21114,21114,21114,21114,21114,21114,21114,21114,21114,21114,21114,21114,21114,21114,21114,21114,21114,21114,21114,21114,21114,21114,21114,21114,21114,21114,21114,21114,21114,21114,21114,21114,21114,21114,21114,21114
11,2012-01-12 12:00:00,23460,23460,23460,23460,23460,23460,23460,23460,23460,23460,23460,23460,23460,23460,23460,23460,23460,23460,23460,23460,23460,23460,23460,23460,23460,23460,23460,23460,23460,23460,23460,23460,23460,23460,23460,23460,23460,23460,23460,23460,23460,23460,23460,23460,23460,23460,23460,23460,23460,23460,23460
12,2012-01-13 12:00:00,25806,25806,25806,25806,25806,25806,25806,25806,25806,25806,25806,25806,25806,25806,25806,25806,25806,25806,25806,25806,25806,25806,25806,25806,25806,25806,25806,25806,25806,25806,25806,25806,25806,25806,25806,25806,25806,25806,25806,25806,25806,25806,25806,25806,25806,25806,25806,25806,25806,25806,25806
13,2012-01-14 12:00:00,28152,28152,28152,28152,28152,28152,28152,28152,28152,28152,28152,28152,28152,28152,28152,28152,28152,28152,28152,28152,28152,28152,28152,28152,28152,28152,28152,28152,28152,28152,28152,28152,28152,28152,28152,28152,28152,28152,28152,28152,28152,28152,28152,28152,28152,28152,28152,28152,28152,28152,28152
14,2012-01-15 12:00:00,30498,30498,30498,30498,30498,30498,30498,30498,30498,30498,30498,30498,30498,30498,30498,30498,30498,30498,30498,30498,30498,30498,30498,30498,30498,30498,30498,30498,30498,30498,30498,30498,30498,30498,30498,30498,30498,30498,30498,30498,30498,30498,30498,30498,30498,30498,30498,30498,30498,30498,30498
15,2012-01-16 12:00:00,32844,32844,32844,32844,32844,32844,32844,32844,32844,32844,32844,32844,32844,32844,32844,32844,32844,32844,32844,32844,32844,32844,32844,32844,32844,32844,32844,32844,32844,32844,32844,32844,32844,32844,32844,32844,32844,32844,32844,32844,32844,32844,32844,32844,32844,32844,32844,32844,32844,32844,32844
16,2012-01-17 12:00:00,35190,35190,35190,35190,35190,35190,35190,35190,35190,35190,35190,35190,35190,35190,35190,35190,35190,35190,35190,35190,35190,35190,35190,35190,35190,35190,35190,35190,35190,35190,35190,35190,35190,35190,35190,35190,35190,35190,35190,35190,35190,35190,35190,35190,35190,35190,35190,35190,35190,35190,35190
17,2012-01-18 12:00:00,37536,37536,37536,37536,37536,37536,37536,37536,37536,37536,37536,37536,37536,37536,37536,37536,37536,37536,37536,37536,37536,37536,37536,37536,37536,37536,37536,37536,37536,37536,37536,37536,37536,37536,37536,37536,37536,37536,37536,37536,37536,37536,37536,37536,37536,37536,37536,37536,37536,37536,37536
18,2012-01-19 12:00:00,39882,39882,39882,39882,39882,39882,39882,39882,39882,39882,39882,39882,39882,39882,39882,39882,39882,39882,39882,39882,39882,39882,39882,39882,39882,39882,39882,39882,39882,39882,39882,39882,39882,39882,39882,39882,39882,39882,39882,39882,39882,39882,39882,39882,39882,39882,39882,39882,39882,39882,39882
19,2012-01-20 12:00:00,33137,33137,33137,33137,33137,33137,33137,33137,33137,33137,33137,33137,33137,33137,33137,33137,33137,33137,33137,33137,33137,33137,33137,33137,33137,33137,33137,33137,33137,33137,33137,33137,33137,33137,33137,33137,33137,33137,33137,33137,33137,33137,33137,33137,33137,33137,33137,33137,33137,33137,33137
20,2012-01-21 12:00:00,44574,44574,44574,44574,44574,44574,44574,44574,44574,44574,44574,44574,44574,44574,44574,44574,44574,44574,44574,44574,44574,44574,44574,44574,44574,44574,44574,44574,44574,44574,44574,44574,44574,44574,44574,44574,44574,44574,44574,44574,44574,44574,44574,44574,44574,44574,44574,44574,44574,44574,44574
21,2012-01-22 12:00:00,46920,46920,46920,46920,46920,46920,46920,46920,46920,46920,46920,46920,46920,46920,46920,46920,46920,46920,46920,46920,46920,46920,46920,46920,46920,46920,46920,46920,46920,46920,46920,46920,46920,46920,46920,46920,46920,46920,46920,46920,46920,46920,46920,46920,46920,46920,46920,46920,46920,46920,46920
22,2012-01-23 12:00:00,49266,49266,49266,49266,49266,49266,49266,49266,49266,49266,49266,49266,49266,49266,49266,49266,49266,49266,49266,49266,49266,49266,49266,49266,49266,49266,49266,49266,49266,49266,49266,49266,49266,49266,49266,49266,49266,49266,49266,49266,49266,49266,49266,49266,49266,49266,49266,49266,49266,49266,49266
23,2012-01-24 12:00:00,51612,51612,51612,51612,51612,51612,51612,51612,51612,51612,51612,51612,51612,51612,51612,51612,51612,51612,51612,51612,51612,51612,51612,51612,51612,51612,51612,51612,51612,51612,51612,51612,51612,51612,51612,51612,51612,51612,51612,51612,51612,51612,51612,51612,51612,51612,51612,51612,51612,51612,51612
24,2012-01-25 12:00:00,53958,53958,53958,53958,53958,53958,53958,53958,53958,53958,53958,53958,53958,53958,53958,53958,53958,53958,53958,53958,53958,53958,53958,53958,53958,53958,53958,53958,53958,53958,53958,53958,53958,53958,53958,53958,53958,53958,53958,53958,53958,53958,53958,53958,53958,53958,53958,53958,53958,53958,53958
25,2012-01-26 12:00:00,56304,56304,56304,56304,56304,56304,56304,56304,56304,56304,56304,56304,56304,56304,56304,56304,56304,56304,56304,56304,56304,56304,56304,56304,56304,56304,56304,56304,56304,56304,56304,56304,56304,56304,56304,56304,56304,56304,56304,56304,56304,56304,56304,56304,56304,56304,56304,56304,56304,56304,56304
26,2012-01-27 12:00:00,58650,58650,58650,58650,58650,58650,58650,58650,58650,58650,58650,58650,58650,58650,58650,58650,58650,58650,58650,58650,58650,58650,58650,58650,58650,58650,58650,58650,58650,58650,58650,58650,58650,58650,58650,58650,58650,58650,58650,58650,58650,58650,58650,58650,58650,58650,58650,58650,58650,58650,58650
27,2012-01-28 12:00:00,60996,60996,60996,60996,60996,60996,60996,60996,60996,60996,60996,60996,60996,60996,60996,60996,60996,60996,60996,60996,60996,60996,60996,60996,60996,60996,60996,60996,60996,60996,60996,60996,60996,60996,60996,60996,60996,60996,60996,60996,60996,60996,60996,60996,60996,60996,60996,60996,60996,60996,60996
28,2012-01-29 12:00:00,54989,54989,54989,54989,54989,54989,54989,54989,54989,54989,54989,54989,54989,54989,54989,54989,54989,54989,54989,54989,54989,54989,54989,54989,54989,54989,54989,54989,54989,54989,54989,54989,54989,54989,54989,54989,54989,54989,54989,54989,54989,54989,54989,54989,54989,54989,54989,54989,54989,54989,54989
29,2012-01-30 12:00:00,65688,65688,65688,65688,65688,65688,65688,65688,65688,65688,65688,65688,65688,65688,65688,65688,65688,65688,65688,65688,65688,65688,65688,65688,65688,65688,65688,65688,65688,65688,65688,65688,65688,65688,65688,65688,65688,65688,65688,65688,65688,65688,65688,65688,65688,65688,65688,65688,65688,65688,65688
30,2012-01-31 12:00:00,68034,68034,68034,68034,68034,68034,68034,68034,68034,68034,68034,68034,68034,68034,68034,68034,68034,68034,68034,68034,68034,68034,68034,68034,68034,68034,68034,68034,68034,68034,68034,68034,68034,68034,68034,68034,68034,68034,68034,68034,68034,68034,68034,68034,68034,68034,68034,68034,68034,68034,68034
31,2012-02-01 12:00:00,70380,70380,70380,70380,70380,70380,70380,70380,70380,70380,70380,70380,70380,70380,70380,70380,70380,70380,70380,70380,70380,70380,70380,70380,70380,70380,70380,70380,70380,70380,70380,70380,70380,70380,70380,70380,70380,70380,70380,70380,70380,70380,70380,70380,70380,70380,70380,70380,70380,70380,70380
32,2012-02-02 12:00:00,72726,72726,72726,72726,72726,72726,72726,72726,72726,72726,72726,72726,72726,72726,72726,72726,72726,72726,72726,72726,72726,72726,72726,72726,72726,72726,72726,72726,72726,72726,72726,72726,72726,72726,72726,72726,72726,72726,72726,72726,72726,72726,72726,72726,72726,72726,72726,72726,72726,72726,72726
33,2012-02-03 12:00:00,75072,75072,75072,75072,75072,75072,75072,75072,75072,75072,75072,75072,75072,75072,75072,75072,75072,75072,75072,75072,75072,75072,75072,75072,75072,75072,75072,75072,75072,75072,75072,75072,75072,75072,75072,75072,75072,75072,75072,75072,75072,75072,75072,75072,75072,75072,75072,75072,75072,75072,75072
34,2012-02-04 12:00:00,77418,77418,77418,77418,77418,77418,77418,77418,77418,77418,77418,77418,77418,77418,77418,77418,77418,77418,77418,77418,77418,77418,77418,77418,77418,77418,77418,77418,77418,77418,77418,77418,77418,77418,77418,77418,77418,77418,77418,77418,77418,77418,77418,77418,77418,77418,77418,77418,77418,77418,77418
35,2012-02-05 12:00:00,79764,79764,79764,79764,79764,79764,79764,79764,79764,79764,79764,79764,79764,79764,79764,79764,79764,79764,79764,79764,79764,79764,79764,79764,79764,79764,79764,79764,79764,79764,79764,79764,79764,79764,79764,79764,79764,79764,79764,79764,79764,79764,79764,79764,79764,79764,79764,79764,79764,79764,79764
36,2012-02-06 12:00:00,82110,82110,82110,82110,82110,82110,82110,82110,82110,82110,82110,82110,82110,82110,82110,82110,82110,82110,82110,82110,82110,82110,82110,82110,82110,82110,82110,82110,82110,82110,82110,82110,82110,82110,82110,82110,82110,82110,82110,82110,82110,82110,82110,82110,82110,82110,82110,82110,82110,82110,82110
37,2012-02-07 12:00:00,84456,84456,84456,84456,84456,84456,84456,84456,84456,84456,84456,84456,84456,84456,84456,84456,84456,84456,84456,84456,84456,84456,84456,84456,84456,84456,84456,84456,84456,84456,84456,84456,84456,84456,84456,84456,84456,84456,84456,84456,84456,84456,84456,84456,84456,84456,84456,84456,84456,84456,84456
38,2012-02-08 12:00:00,86802,86802,86802,86802,86802,86802,86802,86802,86802,86802,86802,86802,86802,86802,86802,86802,86802,86802,86802,86802,86802,86802,86802,86802,86802,86802,86802,86802,86802,86802,86802,86802,86802,86802,86802,86802,86802,86802,86802,86802,86802,86802,86802,86802,86802,86802,86802,86802,86802,86802,86802
39,2012-02-09 12:00:00,89148,89148,89148,89148,89148,89148,89148,89148,89148,89148,89148,89148,89148,89148,89148,89148,89148,89148,89148,89148,89148,89148,89148,89148,89148,89148,89148,89148,89148,89148,89148,89148,89148,89148,89148,89148,89148,89148,89148,89148,89148,89148,89148,89148,89148,89148,89148,89148,89148,89148,89148
40,2012-02-10 12:00:00,91494,91494,91494,91494,91494,91494,91494,91494,91494,91494,91494,91494,91494,91494,91494,91494,91494,91494,91494,91494,91494,91494,91494,91494,91494,91494,91494,91494,91494,91494,91494,91494,91494,91494,91494,91494,91494,91494,91494,91494,91494,91494,91494,91494,91494,91494,91494,91494,91494,91494,91494
41,2012-02-11 12:00:00,93840,93840,93840,93840,93840,93840,93840,93840,93840,93840,93840,93840,93840,93840,93840,93840,93840,93840,93840,93840,93840,93840,93840,93840,93840,93840,93840,93840,93840,93840,93840,93840,93840,93840,93840,93840,93840,93840,93840,93840,93840,93840,93840,93840,93840,93840,93840,93840,93840,93840,93840
42,2012-02-12 12:00:00,96186,96186,96186,96186,96186,96186,96186,96186,96186,96186,96186,96186,96186,96186,96186,96186,96186,96186,96186,96186,96186,96186,96186,96186,96186,96186,96186,96186,96186,96186,96186,96186,96186,96186,96186,96186,96186,96186,96186,96186,96186,96186,96186,96186,96186,96186,96186,96186,96186,96186,96186
43,2012-02-13 12:00:00,70459,70459,70459,70459,70459,70459,70459,70459,70459,70459,70459,70459,70459,70459,70459,70459,70459,70459,70459,70459,70459,70459,70459,70459,70459,70459,70459,70459,70459,70459,70459,70459,70459,70459,70459,70459,70459,70459,70459,70459,70459,70459,70459,70459,70459,70459,70459,70459,70459,70459,70459
44,2012-02-14 12:00:00,1.0088e+05,1.0088e+05,1.0088e+05,1.0088e+05,1.0088e+05,1.0088e+05,1.0088e+05,1.0088e+05,1.0088e+05,1.0088e+05,1.0088e+05,1.0088e+05,1.0088e+05,1.0088e+05,1.0088e+05,1.0088e+05,1.0088e+05,1.0088e+05,1.0088e+05,1.0088e+05,1.0088e+05,1.0088e+05,1.0088e+05,1.0088e+05,1.0088e+05,1.0088e+05,1.0088e+05,1.0088e+05,1.0088e+05,1.0088e+05,1.0088e+05,1.0088e+05,1.0088e+05,1.0088e+05,1.0088e+05,1.0088e+05,1.0088e+05,1.0088e+05,1.0088e+05,1.0088e+05,1.0088e+05,1.0088e+05,1.0088e+05,1.0088e+05,1.0088e+05,1.0088e+05,1.0088e+05,1.0088e+05,1.0088e+05,1.0088e+05,1.0088e+05
45,2012-02-15 12:00:00,1.0322e+05,1.0322e+05,1.0322e+05,1.0322e+05,1.0322e+05,1.0322e+05,1.0322e+05,1.0322e+05,1.0322e+05,1.0322e+05,1.0322e+05,1.0322e+05,1.0322e+05,1.0322e+05,1.0322e+05,1.0322e+05,1.0322e+05,1.0322e+05,1.0322e+05,1.0322e+05,1.0322e+05,1.0322e+05,1.0322e+05,1.0322e+05,1.0322e+05,1.0322e+05,1.0322e+05,1.0322e+05,1.0322e+05,1.0322e+05,1.0322e+05,1.0322e+05,1.0322e+05,1.0322e+05,1.0322e+05,1.0322e+05,1.0322e+05,1.0322e+05,1.0322e+05,1.0322e+05,1.0322e+05,1.0322e+05,1.0322e+05,1.0322e+05,1.0322e+05,1.0322e+05,1.0322e+05,1.0322e+05,1.0322e+05,1.0322e+05,1.0322e+05
46,2012-02-16 12:00:00,1.0557e+05,1.0557e+05,1.0557e+05,1.0557e+05,1.0557e+05,1.0557e+05,1.0557e+05,1.0557e+05,1.0557e+05,1.0557e+05,1.0557e+05,1.0557e+05,1.0557e+05,1.0557e+05,1.0557e+05,1.0557e+05,1.0557e+05,1.0557e+05,1.0557e+05,1.0557e+05,1.0557e+05,1.0557e+05,1.0557e+05,1.0557e+05,1.0557e+05,1.0557e+05,1.0557e+05,1.0557e+05,1.0557e+05,1.0557e+05,1.0557e+05,1.0557e+05,1.0557e+05,1.0557e+05,1.0557e+05,1.0557e+05,1.0557e+05,1.0557e+05,1.0557e+05,1.0557e+05,1.0557e+05,1.0557e+05,1.0557e+05,1.0557e+05,1.0557e+05,1.0557e+05,1.0557e+05,1.0557e+05,1.0557e+05,1.0557e+05,1.0557e+05
47,2012-02-17 12:00:00,1.0792e+05,1.0792e+05,1.0792e+05,1.0792e+05,1.0792e+05,1.0792e+05,1.0792e+05,1.0792e+05,1.0792e+05,1.0792e+05,1.0792e+05,1.0792e+05,1.0792e+05,1.0792e+05,1.0792e+05,1.0792e+05,1.0792e+05,1.0792e+05,1.0792e+05,1.0792e+05,1.0792e+05,1.0792e+05,1.0792e+05,1.0792e+05,1.0792e+05,1.0792e+05,1.0792e+05,1.0792e+05,1.0792e+05,1.0792e+05,1.0792e+05,1.0792e+05,1.0792e+05,1.0792e+05,1.0792e+05,1.0792e+05,1.0792e+05,1.0792e+05,1.0792e+05,1.0792e+05,1.0792e+05,1.0792e+05,1.0792e+05,1.0792e+05,1.0792e+05,1.0792e+05,1.0792e+05,1.0792e+05,1.0792e+05,1.0792e+05,1.0792e+05
48,2012-02-18 12:00:00,1.1026e+05,1.1026e+05,1.1026e+05,1.1026e+05,1.1026e+05,1.1026e+05,1.1026e+05,1.1026e+05,1.1026e+05,1.1026e+05,1.1026e+05,1.1026e+05,1.1026e+05,1.1026e+05,1.1026e+05,1.1026e+05,1.1026e+05,1.1026e+05,1.1026e+05,1.1026e+05,1.1026e+05,1.1026e+05,1.1026e+05,1.1026e+05,1.1026e+05,1.1026e+05,1.1026e+05,1.1026e+05,1.1026e+05,1.1026e+05,1.1026e+05,1.1026e+05,1.1026e+05,1.1026e+05,1.1026e+05,1.1026e+05,1.1026e+05,1.1026e+05,1.1026e+05,1.1026e+05,1.1026e+05,1.1026e+05,1.1026e+05,1.1026e+05,1.1026e+05,1.1026e+05,1.1026e+05,1.1026e+05,1.1026e+05,1.1026e+05,1.1026e+05
49,2012-02-19 12:00:00,1.1261e+05,1.1261e+05,1.1261e+05,1.1261e+05,1.1261e+05,1.1261e+05,1.1261e+05,1.1261e+05,1.1261e+05,1.1261e+05,1.1261e+05,1.1261e+05,1.1261e+05,1.1261e+05,1.1261e+05,1.1261e+05,1.1261e+05,1.1261e+05,1.1261e+05,1.1261e+05,1.1261e+05,1.1261e+05,1.1261e+05,1.1261e+05,1.1261e+05,1.1261e+05,1.1261e+05,1.1261e+05,1.1261e+05,1.1261e+05,1.1261e+05,1.1261e+05,1.1261e+05,1.1261e+05,1.1261e+05,1.1261e+05,1.1261e+05,1.1261e+05,1.1261e+05,1.1261e+05,1.1261e+05,1.1261e+05,1.1261e+05,1.1261e+05,1.1261e+05,1.1261e+05,1.1261e+05,1.1261e+05,1.1261e+05,1.1261e+05,1.1261e+05
50,2012-02-20 12:00:00,97668,97668,97668,97668,97668,97668,97668,97668,97668,97668,97668,97668,97668,97668,97668,97668,97668,97668,97668,97668,97668,97668,97668,97668,97668,97668,97668,97668,97668,97668,97668,97668,97668,97668,97668,97668,97668,97668,97668,97668,97668,97668,97668,97668,97668,97668,97668,97668,97668,97668,97668
51,2012-02-21 12:00:00,1.173e+05,1.173e+05,1.173e+05,1.173e+05,1.173e+05,1.173e+05,1.173e+05,1.173e+05,1.173e+05,1.173e+05,1.173e+05,1.173e+05,1.173e+05,1.173e+05,1.173e+05,1.173e+05,1.173e+05,1.173e+05,1.173e+05,1.173e+05,1.173e+05,1.173e+05,1.173e+05,1.173e+05,1.173e+05,1.173e+05,1.173e+05,1.173e+05,1.173e+05,1.173e+05,1.173e+05,1.173e+05,1.173e+05,1.173e+05,1.173e+05,1.173e+05,1.173e+05,1.173e+05,1.173e+05,1.173e+05,1.173e+05,1.173e+05,1.173e+05,1.173e+05,1.173e+05,1.173e+05,1.173e+05,1.173e+05,1.173e+05,1.173e+05,1.173e+05
52,2012-02-22 12:00:00,90132,90132,90132,90132,90132,90132,90132,90132,90132,90132,90132,90132,90132,90132,90132,90132,90132,90132,90132,90132,90132,90132,90132,90132,90132,90132,90132,90132,90132,90132,90132,90132,90132,90132,90132,90132,90132,90132,90132,90132,90132,90132,90132,90132,90132,90132,90132,90132,90132,90132,90132
53,2012-02-23 12:00:00,1.2199e+05,1.2199e+05,1.2199e+05,1.2199e+05,1.2199e+05,1.2199e+05,1.2199e+05,1.2199e+05,1.2199e+05,1.2199e+05,1.2199e+05,1.2199e+05,1.2199e+05,1.2199e+05,1.2199e+05,1.2199e+05,1.2199e+05,1.2199e+05,1.2199e+05,1.2199e+05,1.2199e+05,1.2199e+05,1.2199e+05,1.2199e+05,1.2199e+05,1.2199e+05,1.2199e+05,1.2199e+05,1.2199e+05,1.2199e+05,1.2199e+05,1.2199e+05,1.2199e+05,1.2199e+05,1.2199e+05,1.2199e+05,1.2199e+05,1.2199e+05,1.2199e+05,1.2199e+05,1.2199e+05,1.2199e+05,1.2199e+05,1.2199e+05,1.2199e+05,1.2199e+05,1.2199e+05,1.2199e+05,1.2199e+05,1.2199e+05,1.2199e+05
54,2012-02-24 12:00:00,1.2434e+05,1.2434e+05,1.2434e+05,1.2434e+05,1.2434e+05,1.2434e+05,1.2434e+05,1.2434e+05,1.2434e+05,1.2434e+05,1.2434e+05,1.2434e+05,1.2434e+05,1.2434e+05,1.2434e+05,1.2434e+05,1.2434e+05,1.2434e+05,1.2434e+05,1.2434e+05,1.2434e+05,1.2434e+05,1.2434e+05,1.2434e+05,1.2434e+05,1.2434e+05,1.2434e+05,1.2434e+05,1.2434e+05,1.2434e+05,1.2434e+05,1.2434e+05,1.2434e+05,1.2434e+05,1.2434e+05,1.2434e+05,1.2434e+05,1.2434e+05,1.2434e+05,1.2434e+05,1.2434e+05,1.2434e+05,1.2434e+05,1.2434e+05,1.2434e+05,1.2434e+05,1.2434e+05,1.2434e+05,1.2434e+05,1.2434e+05,1.2434e+05
55,2012-02-25 12:00:00,1.2668e+05,1.2668e+05,1.2668e+05,1.2668e+05,1.2668e+05,1.2668e+05,1.2668e+05,1.2668e+05,1.2668e+05,1.2668e+05,1.2668e+05,1.2668e+05,1.2668e+05,1.2668e+05,1.2668e+05,1.2668e+05,1.2668e+05,1.2668e+05,1.2668e+05,1.2668e+05,1.2668e+05,1.2668e+05,1.2668e+05,1.2668e+05,1.2668e+05,1.2668e+05,1.2668e+05,1.2668e+05,1.2668e+05,1.2668e+05,1.2668e+05,1.2668e+05,1.2668e+05,1.2668e+05,1.2668e+05,1.2668e+05,1.2668e+05,1.2668e+05,1.2668e+05,1.2668e+05,1.2668e+05,1.2668e+05,1.2668e+05,1.2668e+05,1.2668e+05,1.2668e+05,1.2668e+05,1.2668e+05,1.2668e+05,1.2668e+05,1.2668e+05
56,2012-02-26 12:00:00,1.2903e+05,1.2903e+05,1.2903e+05,1.2903e+05,1.2903e+05,1.2903e+05,1.2903e+05,1.2903e+05,1.2903e+05,1.2903e+05,1.2903e+05,1.2903e+05,1.2903e+05,1.2903e+05,1.2903e+05,1.2903e+05,1.2903e+05,1.2903e+05,1.2903e+05,1.2903e+05,1.2903e+05,1.2903e+05,1.2903e+05,1.2903e+05,1.2903e+05,1.2903e+05,1.2903e+05,1.2903e+05,1.2903e+05,1.2903e+05,1.2903e+05,1.2903e+05,1.2903e+05,1.2903e+05,1.2903e+05,1.2903e+05,1.2903e+05,1.2903e+05,1.2903e+05,1.2903e+05,1.2903e+05,1.2903e+05,1.2903e+05,1.2903e+05,1.2903e+05,1.2903e+05,1.2903e+05,1.2903e+05,1.2903e+05,1.2903e+05,1.2903e+05
57,2012-02-27 12:00:00,1.3138e+05,1.3138e+05,1.3138e+05,1.3138e+05,1.3138e+05,1.3138e+05,1.3138e+05,1.3138e+05,1.3138e+05,1.3138e+05,1.3138e+05,1.3138e+05,1.3138e+05,1.3138e+05,1.3138e+05,1.3138e+05,1.3138e+05,1.3138e+05,1.3138e+05,1.3138e+05,1.3138e+05,1.3138e+05,1.3138e+05,1.3138e+05,1.3138e+05,1.3138e+05,1.3138e+05,1.3138e+05,1.3138e+05,1.3138e+05,1.3138e+05,1.3138e+05,1.3138e+05,1.3138e+05,1.3138e+05,1.3138e+05,1.3138e+05,1.3138e+05,1.3138e+05,1.3138e+05,1.3138e+05,1.3138e+05,1.3138e+05,1.3138e+05,1.3138e+05,1.3138e+05,1.3138e+05,1.3138e+05,1.3138e+05,1.3138e+05,1.3138e+05
58,2012-02-28 12:00:00,1.3372e+05,1.3372e+05,1.3372e+05,1.3372e+05,1.3372e+05,1.3372e+05,1.3372e+05,1.3372e+05,1.3372e+05,1.3372e+05,1.3372e+05,1.3372e+05,1.3372e+05,1.3372e+05,1.3372e+05,1.3372e+05,1.3372e+05,1.3372e+05,1.3372e+05,1.3372e+05,1.3372e+05,1.3372e+05,1.3372e+05,1.3372e+05,1.3372e+05,1.3372e+05,1.3372e+05,1.3372e+05,1.3372e+05,1.3372e+05,1.3372e+05,1.3372e+05,1.3372e+05,1.3372e+05,1.3372e+05,1.3372e+05,1.3372e+05,1.3372e+05,1.3372e+05,1.3372e+05,1.3372e+05,1.3372e+05,1.3372e+05,1.3372e+05,1.3372e+05,1.3372e+05,1.3372e+05,1.3372e+05,1.3372e+05,1.3372e+05,1.3372e+05
59,2012-02-29 12:00:00,1.3607e+05,1.3607e+05,1.3607e+05,1.3607e+05,1.3607e+05,1.3607e+05,1.3607e+05,1.3607e+05,1.3607e+05,1.3607e+05,1.3607e+05,1.3607e+05,1.3607e+05,1.3607e+05,1.3607e+05,1.3607e+05,1.3607e+05,1.3607e+05,1.3607e+05,1.3607e+05,1.3607e+05,1.3607e+05,1.3607e+05,1.3607e+05,1.3607e+05,1.3607e+05,1.3607e+05,1.3607e+05,1.3607e+05,1.3607e+05,1.3607e+05,1.3607e+05,1.3607e+05,1.3607e+05,1.3607e+05,1.3607e+05,1.3607e+05,1.3607e+05,1.3607e+05,1.3607e+05,1.3607e+05,1.3607e+05,1.3607e+05,1.3607e+05,1.3607e+05,1.3607e+05,1.3607e+05,1.3607e+05,1.3607e+05,1.3607e+05,1.3607e+05
60,2012-03-01 12:00:00,1.3841e+05,1.3841e+05,1.3841e+05,1.3841e+05,1.3841e+05,1.3841e+05,1.3841e+05,1.3841e+05,1.3841e+05,1.3841e+05,1.3841e+05,1.3841e+05,1.3841e+05,1.3841e+05,1.3841e+05,1.3841e+05,1.3841e+05,1.3841e+05,1.3841e+05,1.3841e+05,1.3841e+05,1.3841e+05,1.3841e+05,1.3841e+05,1.3841e+05,1.3841e+05,1.3841e+05,1.3841e+05,1.3841e+05,1.3841e+05,1.3841e+05,1.3841e+05,1.3841e+05,1.3841e+05,1.3841e+05,1.3841e+05,1.3841e+05,1.3841e+05,1.3841e+05,1.3841e+05,1.3841e+05,1.3841e+05,1.3841e+05,1.3841e+05,1.3841e+05,1.3841e+05,1.3841e+05,1.3841e+05,1.3841e+05,1.3841e+05,1.3841e+05
61,2012-03-02 12:00:00,1.2273e+05,1.2273e+05,1.2273e+05,1.2273e+05,1.2273e+05,1.2273e+05,1.2273e+05,1.2273e+05,1.2273e+05,1.2273e+05,1.2273e+05,1.2273e+05,1.2273e+05,1.2273e+05,1.2273e+05,1.2273e+05,1.2273e+05,1.2273e+05,1.2273e+05,1.2273e+05,1.2273e+05,1.2273e+05,1.2273e+05,1.2273e+05,1.2273e+05,1.2273e+05,1.2273e+05,1.2273e+05,1.2273e+05,1.2273e+05,1.2273e+05,1.2273e+05,1.2273e+05,1.2273e+05,1.2273e+05,1.2273e+05,1.2273e+05,1.2273e+05,1.2273e+05,1.2273e+05,1.2273e+05,1.2273e+05,1.2273e+05,1.2273e+05,1.2273e+05,1.2273e+05,1.2273e+05,1.2273e+05,1.2273e+05,1.2273e+05,1.2273e+05
62,2012-03-03 12:00:00,1.4311e+05,1.4311e+05,1.4311e+05,1.4311e+05,1.4311e+05,1.4311e+05,1.4311e+05,1.4311e+05,1.4311e+05,1.4311e+05,1.4311e+05,1.4311e+05,1.4311e+05,1.4311e+05,1.4311e+05,1.4311e+05,1.4311e+05,1.4311e+05,1.4311e+05,1.4311e+05,1.4311e+05,1.4311e+05,1.4311e+05,1.4311e+05,1.4311e+05,1.4311e+05,1.4311e+05,1.4311e+05,1.4311e+05,1.4311e+05,1.4311e+05,1.4311e+05,1.4311e+05,1.4311e+05,1.4311e+05,1.4311e+05,1.4311e+05,1.4311e+05,1.4311e+05,1.4311e+05,1.4311e+05,1.4311e+05,1.4311e+05,1.4311e+05,1.4311e+05,1.4311e+05,1.4311e+05,1.4311e+05,1.4311e+05,1.4311e+05,1.4311e+05
63,2012-03-04 12:00:00,1.2486e+05,1.2486e+05,1.2486e+05,1.2486e+05,1.2486e+05,1.2486e+05,1.2486e+05,1.2486e+05,1.2486e+05,1.2486e+05,1.2486e+05,1.2486e+05,1.2486e+05,1.2486e+05,1.2486e+05,1.2486e+05,1.2486e+05,1.2486e+05,1.2486e+05,1.2486e+05,1.2486e+05,1.2486e+05,1.2486e+05,1.2486e+05,1.2486e+05,1.2486e+05,1.2486e+05,1.2486e+05,1.2486e+05,1.2486e+05,1.2486e+05,1.2486e+05,1.2486e+05,1.2486e+05,1.2486e+05,1.2486e+05,1.2486e+05,1.2486e+05,1.2486e+05,1.2486e+05,1.2486e+05,1.2486e+05,1.2486e+05,1.2486e+05,1.2486e+05,1.2486e+05,1.2486e+05,1.2486e+05,1.2486e+05,1.2486e+05,1.2486e+05
64,2012-03-05 12:00:00,1.478e+05,1.478e+05,1.478e+05,1.478e+05,1.478e+05,1.478e+05,1.478e+05,1.478e+05,1.478e+05,1.478e+05,1.478e+05,1.478e+05,1.478e+05,1.478e+05,1.478e+05,1.478e+05,1.478e+05,1.478e+05,1.478e+05,1.478e+05,1.478e+05,1.478e+05,1.478e+05,1.478e+05,1.478e+05,1.478e+05,1.478e+05,1.478e+05,1.478e+05,1.478e+05,1.478e+05,1.478e+05,1.478e+05,1.478e+05,1.478e+05,1.478e+05,1.478e+05,1.478e+05,1.478e+05,1.478e+05,1.478e+05,1.478e+05,1.478e+05,1.478e+05,1.478e+05,1.478e+05,1.478e+05,1.478e+05,1.478e+05,1.478e+05,1.478e+05
65,2012-03-06 12:00:00,1.1425e+05,1.1425e+05,1.1425e+05,1.1425e+05,1.1425e+05,1.1425e+05,1.1425e+05,1.1425e+05,1.1425e+05,1.1425e+05,1.1425e+05,1.1425e+05,1.1425e+05,1.1425e+05,1.1425e+05,1.1425e+05,1.1425e+05,1.1425e+05,1.1425e+05,1.1425e+05,1.1425e+05,1.1425e+05,1.1425e+05,1.1425e+05,1.1425e+05,1.1425e+05,1.1425e+05,1.1425e+05,1.1425e+05,1.1425e+05,1.1425e+05,1.1425e+05,1.1425e+05,1.1425e+05,1.1425e+05,1.1425e+05,1.1425e+05,1.1425e+05,1.1425e+05,1.1425e+05,1.1425e+05,1.1425e+05,1.1425e+05,1.1425e+05,1.1425e+05,1.1425e+05,1.1425e+05,1.1425e+05,1.1425e+05,1.1425e+05,1.1425e+05
66,2012-03-07 12:00:00,1.3047e+05,1.3047e+05,1.3047e+05,1.3047e+05,1.3047e+05,1.3047e+05,1.3047e+05,1.3047e+05,1.3047e+05,1.3047e+05,1.3047e+05,1.3047e+05,1.3047e+05,1.3047e+05,1.3047e+05,1.3047e+05,1.3047e+05,1.3047e+05,1.3047e+05,1.3047e+05,1.3047e+05,1.3047e+05,1.3047e+05,1.3047e+05,1.3047e+05,1.3047e+05,1.3047e+05,1.3047e+05,1.3047e+05,1.3047e+05,1.3047e+05,1.3047e+05,1.3047e+05,1.3047e+05,1.3047e+05,1.3047e+05,1.3047e+05,1.3047e+05,1.3047e+05,1.3047e+05,1.3047e+05,1.3047e+05,1.3047e+05,1.3047e+05,1.3047e+05,1.3047e+05,1.3047e+05,1.3047e+05,1.3047e+05,1.3047e+05,1.3047e+05
67,2012-03-08 12:00:00,1.5484e+05,1.5484e+05,1.5484e+05,1.5484e+05,1.5484e+05,1.5484e+05,1.5484e+05,1.5484e+05,1.5484e+05,1.5484e+05,1.5484e+05,1.5484e+05,1.5484e+05,1.5484e+05,1.5484e+05,1.5484e+05,1.5484e+05,1.5484e+05,1.5484e+05,1.5484e+05,1.5484e+05,1.5484e+05,1.5484e+05,1.5484e+05,1.5484e+05,1.5484e+05,1.5484e+05,1.5484e+05,1.5484e+05,1.5484e+05,1.5484e+05,1.5484e+05,1.5484e+05,1.5484e+05,1.5484e+05,1.5484e+05,1.5484e+05,1.5484e+05,1.5484e+05,1.5484e+05,1.5484e+05,1.5484e+05,1.5484e+05,1.5484e+05,1.5484e+05,1.5484e+05,1.5484e+05,1.5484e+05,1.5484e+05,1.5484e+05,1.5484e+05
68,2012-03-09 12:00:00,1.5718e+05,1.5718e+05,1.5718e+05,1.5718e+05,1.5718e+05,1.5718e+05,1.5718e+05,1.5718e+05,1.5718e+05,1.5718e+05,1.5718e+05,1.5718e+05,1.5718e+05,1.5718e+05,1.5718e+05,1.5718e+05,1.5718e+05,1.5718e+05,1.5718e+05,1.5718e+05,1.5718e+05,1.5718e+05,1.5718e+05,1.5718e+05,1.5718e+05,1.5718e+05,1.5718e+05,1.5718e+05,1.5718e+05,1.5718e+05,1.5718e+05,1.5718e+05,1.5718e+05,1.5718e+05,1.5718e+05,1.5718e+05,1.5718e+05,1.5718e+05,1.5718e+05,1.5718e+05,1.5718e+05,1.5718e+05,1.5718e+05,1.5718e+05,1.5718e+05,1.5718e+05,1.5718e+05,1.5718e+05,1.5718e+05,1.5718e+05,1.5718e+05
69,2012-03-10 12:00:00,1.5953e+05,1.5953e+05,1.5953e+05,1.5953e+05,1.5953e+05,1.5953e+05,1.5953e+05,1.5953e+05,1.5953e+05,1.5953e+05,1.5953e+05,1.5953e+05,1.5953e+05,1.5953e+05,1.5953e+05,1.5953e+05,1.5953e+05,1.5953e+05,1.5953e+05,1.5953e+05,1.5953e+05,1.5953e+05,1.5953e+05,1.5953e+05,1.5953e+05,1.5953e+05,1.5953e+05,1.5953e+05,1.5953e+05,1.5953e+05,1.5953e+05,1.5953e+05,1.5953e+05,1.5953e+05,1.5953e+05,1.5953e+05,1.5953e+05,1.5953e+05,1.5953e+05,1.5953e+05,1.5953e+05,1.5953e+05,1.5953e+05,1.5953e+05,1.5953e+05,1.5953e+05,1.5953e+05,1.5953e+05,1.5953e+05,1.5953e+05,1.5953e+05
70,2012-03-11 12:00:00,1.6187e+05,1.6187e+05,1.6187e+05,1.6187e+05,1.6187e+05,1.6187e+05,1.6187e+05,1.6187e+05,1.6187e+05,1.6187e+05,1.6187e+05,1.6187e+05,1.6187e+05,1.6187e+05,1.6187e+05,1.6187e+05,1.6187e+05,1.6187e+05,1.6187e+05,1.6187e+05,1.6187e+05,1.6187e+05,1.6187e+05,1.6187e+05,1.6187e+05,1.6187e+05,1.6187e+05,1.6187e+05,1.6187e+05,1.6187e+05,1.6187e+05,1.6187e+05,1.6187e+05,1.6187e+05,1.6187e+05,1.6187e+05,1.6187e+05,1.6187e+05,1.6187e+05,1.6187e+05,1.6187e+05,1.6187e+05,1.6187e+05,1.6187e+05,1.6187e+05,1.6187e+05,1.6187e+05,1.6187e+05,1.6187e+05,1.6187e+05,1.6187e+05
71,2012-03-12 12:00:00,1.256e+05,1.256e+05,1.256e+05,1.256e+05,1.256e+05,1.256e+05,1.256e+05,1.256e+05,1.256e+05,1.256e+05,1.256e+05,1.256e+05,1.256e+05,1.256e+05,1.256e+05,1.256e+05,1.256e+05,1.256e+05,1.256e+05,1.256e+05,1.256e+05,1.256e+05,1.256e+05,1.256e+05,1.256e+05,1.256e+05,1.256e+05,1.256e+05,1.256e+05,1.256e+05,1.256e+05,1.256e+05,1.256e+05,1.256e+05,1.256e+05,1.256e+05,1.256e+05,1.256e+05,1.256e+05,1.256e+05,1.256e+05,1.256e+05,1.256e+05,1.256e+05,1.256e+05,1.256e+05,1.256e+05,1.256e+05,1.256e+05,1.256e+05,1.256e+05
72,2012-03-13 12:00:00,1.6657e+05,1.6657e+05,1.6657e+05,1.6657e+05,1.6657e+05,1.6657e+05,1.6657e+05,1.6657e+05,1.6657e+05,1.6657e+05,1.6657e+05,1.6657e+05,1.6657e+05,1.6657e+05,1.6657e+05,1.6657e+05,1.6657e+05,1.6657e+05,1.6657e+05,1.6657e+05,1.6657e+05,1.6657e+05,1.6657e+05,1.6657e+05,1.6657e+05,1.6657e+05,1.6657e+05,1.6657e+05,1.6657e+05,1.6657e+05,1.6657e+05,1.6657e+05,1.6657e+05,1.6657e+05,1.6657e+05,1.6657e+05,1.6657e+05,1.6657e+05,1.6657e+05,1.6657e+05,1.6657e+05,1.6657e+05,1.6657e+05,1.6657e+05,1.6657e+05,1.6657e+05,1.6657e+05,1.6657e+05,1.6657e+05,1.6657e+05,1.6657e+05
73,2012-03-14 12:00:00,1.6891e+05,1.6891e+05,1.6891e+05,1.6891e+05,1.6891e+05,1.6891e+05,1.6891e+05,1.6891e+05,1.6891e+05,1.6891e+05,1.6891e+05,1.6891e+05,1.6891e+05,1.6891e+05,1.6891e+05,1.6891e+05,1.6891e+05,1.6891e+05,1.6891e+05,1.6891e+05,1.6891e+05,1.6891e+05,1.6891e+05,1.6891e+05,1.6891e+05,1.6891e+05,1.6891e+05,1.6891e+05,1.6891e+05,1.6891e+05,1.6891e+05,1.6891e+05,1.6891e+05,1.6891e+05,1.6891e+05,1.6891e+05,1.6891e+05,1.6891e+05,1.6891e+05,1.6891e+05,1.6891e+05,1.6891e+05,1.6891e+05,1.6891e+05,1.6891e+05,1.6891e+05,1.6891e+05,1.6891e+05,1.6891e+05,1.6891e+05,1.6891e+05
74,2012-03-15 12:00:00,1.7126e+05,1.7126e+05,1.7126e+05,1.7126e+05,1.7126e+05,1.7126e+05,1.7126e+05,1.7126e+05,1.7126e+05,1.7126e+05,1.7126e+05,1.7126e+05,1.7126e+05,1.7126e+05,1.7126e+05,1.7126e+05,1.7126e+05,1.7126e+05,1.7126e+05,1.7126e+05,1.7126e+05,1.7126e+05,1.7126e+05,1.7126e+05,1.7126e+05,1.7126e+05,1.7126e+05,1.7126e+05,1.7126e+05,1.7126e+05,1.7126e+05,1.7126e+05,1.7126e+05,1.7126e+05,1.7126e+05,1.7126e+05,1.7126e+05,1.7126e+05,1.7126e+05,1.7126e+05,1.7126e+05,1.7126e+05,1.7126e+05,1.7126e+05,1.7126e+05,1.7126e+05,1.7126e+05,1.7126e+05,1.7126e+05,1.7126e+05,1.7126e+05
75,2012-03-16 12:00:00,1.736e+05,1.736e+05,1.736e+05,1.736e+05,1.736e+05,1.736e+05,1.736e+05,1.736e+05,1.736e+05,1.736e+05,1.736e+05,1.736e+05,1.736e+05,1.736e+05,1.736e+05,1.736e+05,1.736e+05,1.736e+05,1.736e+05,1.736e+05,1.736e+05,1.736e+05,1.736e+05,1.736e+05,1.736e+05,1.736e+05,1.736e+05,1.736e+05,1.736e+05,1.736e+05,1.736e+05,1.736e+05,1.736e+05,1.736e+05,1.736e+05,1.736e+05,1.736e+05,1.736e+05,1.736e+05,1.736e+05,1.736e+05,1.736e+05,1.736e+05,1.736e+05,1.736e+05,1.736e+05,1.736e+05,1.736e+05,1.736e+05,1.736e+05,1.736e+05
76,2012-03-17 12:00:00,1.7595e+05,1.7595e+05,1.7595e+05,1.7595e+05,1.7595e+05,1.7595e+05,1.7595e+05,1.7595e+05,1.7595e+05,1.7595e+05,1.7595e+05,1.7595e+05,1.7595e+05,1.7595e+05,1.7595e+05,1.7595e+05,1.7595e+05,1.7595e+05,1.7595e+05,1.7595e+05,1.7595e+05,1.7595e+05,1.7595e+05,1.7595e+05,1.7595e+05,1.7595e+05,1.7595e+05,1.7595e+05,1.7595e+05,1.7595e+05,1.7595e+05,1.7595e+05,1.7595e+05,1.7595e+05,1.7595e+05,1.7595e+05,1.7595e+05,1.7595e+05,1.7595e+05,1.7595e+05,1.7595e+05,1.7595e+05,1.7595e+05,1.7595e+05,1.7595e+05,1.7595e+05,1.7595e+05,1.7595e+05,1.7595e+05,1.7595e+05,1.7595e+05
77,2012-03-18 12:00:00,1.783e+05,1.783e+05,1.783e+05,1.783e+05,1.783e+05,1.783e+05,1.783e+05,1.783e+05,1.783e+05,1.783e+05,1.783e+05,1.783e+05,1.783e+05,1.783e+05,1.783e+05,1.783e+05,1.783e+05,1.783e+05,1.783e+05,1.783e+05,1.783e+05,1.783e+05,1.783e+05,1.783e+05,1.783e+05,1.783e+05,1.783e+05,1.783e+05,1.783e+05,1.783e+05,1.783e+05,1.783e+05,1.783e+05,1.783e+05,1.783e+05,1.783e+05,1.783e+05,1.783e+05,1.783e+05,1.783e+05,1.783e+05,1.783e+05,1.783e+05,1.783e+05,1.783e+05,1.783e+05,1.783e+05,1.783e+05,1.783e+05,1.783e+05,1.783e+05
78,2012-03-19 12:00:00,1.8064e+05,1.8064e+05,1.8064e+05,1.8064e+05,1.8064e+05,1.8064e+05,1.8064e+05,1.8064e+05,1.8064e+05,1.8064e+05,1.8064e+05,1.8064e+05,1.8064e+05,1.8064e+05,1.8064e+05,1.8064e+05,1.8064e+05,1.8064e+05,1.8064e+05,1.8064e+05,1.8064e+05,1.8064e+05,1.8064e+05,1.8064e+05,1.8064e+05,1.8064e+05,1.8064e+05,1.8064e+05,1.8064e+05,1.8064e+05,1.8064e+05,1.8064e+05,1.8064e+05,1.8064e+05,1.8064e+05,1.8064e+05,1.8064e+05,1.8064e+05,1.8064e+05,1.8064e+05,1.8064e+05,1.8064e+05,1.8064e+05,1.8064e+05,1.8064e+05,1.8064e+05,1.8064e+05,1.8064e+05,1.8064e+05,1.8064e+05,1.8064e+05
79,2012-03-20 12:00:00,1.4276e+05,1.4276e+05,1.4276e+05,1.4276e+05,1.4276e+05,1.4276e+05,1.4276e+05,1.4276e+05,1.4276e+05,1.4276e+05,1.4276e+05,1.4276e+05,1.4276e+05,1.4276e+05,1.4276e+05,1.4276e+05,1.4276e+05,1.4276e+05,1.4276e+05,1.4276e+05,1.4276e+05,1.4276e+05,1.4276e+05,1.4276e+05,1.4276e+05,1.4276e+05,1.4276e+05,1.4276e+05,1.4276e+05,1.4276e+05,1.4276e+05,1.4276e+05,1.4276e+05,1.4276e+05,1.4276e+05,1.4276e+05,1.4276e+05,1.4276e+05,1.4276e+05,1.4276e+05,1.4276e+05,1.4276e+05,1.4276e+05,1.4276e+05,1.4276e+05,1.4276e+05,1.4276e+05,1.4276e+05,1.4276e+05,1.4276e+05,1.4276e+05
80,2012-03-21 12:00:00,1.6639e+05,1.6639e+05,1.6639e+05,1.6639e+05,1.6639e+05,1.6639e+05,1.6639e+05,1.6639e+05,1.6639e+05,1.6639e+05,1.6639e+05,1.6639e+05,1.6639e+05,1.6639e+05,1.6639e+05,1.6639e+05,1.6639e+05,1.6639e+05,1.6639e+05,1.6639e+05,1.6639e+05,1.6639e+05,1.6639e+05,1.6639e+05,1.6639e+05,1.6639e+05,1.6639e+05,1.6639e+05,1.6639e+05,1.6639e+05,1.6639e+05,1.6639e+05,1.6639e+05,1.6639e+05,1.6639e+05,1.6639e+05,1.6639e+05,1.6639e+05,1.6639e+05,1.6639e+05,1.6639e+05,1.6639e+05,1.6639e+05,1.6639e+05,1.6639e+05,1.6639e+05,1.6639e+05,1.6639e+05,1.6639e+05,1.6639e+05,1.6639e+05
81,2012-03-22 12:00:00,1.8768e+05,1.8768e+05,1.8768e+05,1.8768e+05,1.8768e+05,1.8768e+05,1.8768e+05,1.8768e+05,1.8768e+05,1.8768e+05,1.8768e+05,1.8768e+05,1.8768e+05,1.8768e+05,1.8768e+05,1.8768e+05,1.8768e+05,1.8768e+05,1.8768e+05,1.8768e+05,1.8768e+05,1.8768e+05,1.8768e+05,1.8768e+05,1.8768e+05,1.8768e+05,1.8768e+05,1.8768e+05,1.8768e+05,1.8768e+05,1.8768e+05,1.8768e+05,1.8768e+05,1.8768e+05,1.8768e+05,1.8768e+05,1.8768e+05,1.8768e+05,1.8768e+05,1.8768e+05,1.8768e+05,1.8768e+05,1.8768e+05,1.8768e+05,1.8768e+05,1.8768e+05,1.8768e+05,1.8768e+05,1.8768e+05,1.8768e+05,1.8768e+05
82,2012-03-23 12:00:00,1.9003e+05,1.9003e+05,1.9003e+05,1.9003e+05,1.9003e+05,1.9003e+05,1.9003e+05,1.9003e+05,1.9003e+05,1.9003e+05,1.9003e+05,1.9003e+05,1.9003e+05,1.9003e+05,1.9003e+05,1.9003e+05,1.9003e+05,1.9003e+05,1.9003e+05,1.9003e+05,1.9003e+05,1.9003e+05,1.9003e+05,1.9003e+05,1.9003e+05,1.9003e+05,1.9003e+05,1.9003e+05,1.9003e+05,1.9003e+05,1.9003e+05,1.9003e+05,1.9003e+05,1.9003e+05,1.9003e+05,1.9003e+05,1.9003e+05,1.9003e+05,1.9003e+05,1.9003e+05,1.9003e+05,1.9003e+05,1.9003e+05,1.9003e+05,1.9003e+05,1.9003e+05,1.9003e+05,1.9003e+05,1.9003e+05,1.9003e+05,1.9003e+05
83,2012-03-24 12:00:00,1.9237e+05,1.9237e+05,1.9237e+05,1.9237e+05,1.9237e+05,1.9237e+05,1.9237e+05,1.9237e+05,1.9237e+05,1.9237e+05,1.9237e+05,1.9237e+05,1.9237e+05,1.9237e+05,1.9237e+05,1.9237e+05,1.9237e+05,1.9237e+05,1.9237e+05,1.9237e+05,1.9237e+05,1.9237e+05,1.9237e+05,1.9237e+05,1.9237e+05,1.9237e+05,1.9237e+05,1.9237e+05,1.9237e+05,1.9237e+05,1.9237e+05,1.9237e+05,1.9237e+05,1.9237e+05,1.9237e+05,1.9237e+05,1.9237e+05,1.9237e+05,1.9237e+05,1.9237e+05,1.9237e+05,1.9237e+05,1.9237e+05,1.9237e+05,1.9237e+05,1.9237e+05,1.9237e+05,1.9237e+05,1.9237e+05,1.9237e+05,1.9237e+05
84,2012-03-25 12:00:00,1.9472e+05,1.9472e+05,1.9472e+05,1.9472e+05,1.9472e+05,1.9472e+05,1.9472e+05,1.9472e+05,1.9472e+05,1.9472e+05,1.9472e+05,1.9472e+05,1.9472e+05,1.9472e+05,1.9472e+05,1.9472e+05,1.9472e+05,1.9472e+05,1.9472e+05,1.9472e+05,1.9472e+05,1.9472e+05,1.9472e+05,1.9472e+05,1.9472e+05,1.9472e+05,1.9472e+05,1.9472e+05,1.9472e+05,1.9472e+05,1.9472e+05,1.9472e+05,1.9472e+05,1.9472e+05,1.9472e+05,1.9472e+05,1.9472e+05,1.9472e+05,1.9472e+05,1.9472e+05,1.9472e+05,1.9472e+05,1.9472e+05,1.9472e+05,1.9472e+05,1.9472e+05,1.9472e+05,1.9472e+05,1.9472e+05,1.9472e+05,1.9472e+05
85,2012-03-26 12:00:00,1.9706e+05,1.9706e+05,1.9706e+05,1.9706e+05,1.9706e+05,1.9706e+05,1.9706e+05,1.9706e+05,1.9706e+05,1.9706e+05,1.9706e+05,1.9706e+05,1.9706e+05,1.9706e+05,1.9706e+05,1.9706e+05,1.9706e+05,1.9706e+05,1.9706e+05,1.9706e+05,1.9706e+05,1.9706e+05,1.9706e+05,1.9706e+05,1.9706e+05,1.9706e+05,1.9706e+05,1.9706e+05,1.9706e+05,1.9706e+05,1.9706e+05,1.9706e+05,1.9706e+05,1.9706e+05,1.9706e+05,1.9706e+05,1.9706e+05,1.9706e+05,1.9706e+05,1.9706e+05,1.9706e+05,1.9706e+05,1.9706e+05,1.9706e+05,1.9706e+05,1.9706e+05,1.9706e+05,1.9706e+05,1.9706e+05,1.9706e+05,1.9706e+05
86,2012-03-27 12:00:00,1.9941e+05,1.9941e+05,1.9941e+05,1.9941e+05,1.9941e+05,1.9941e+05,1.9941e+05,1.9941e+05,1.9941e+05,1.9941e+05,1.9941e+05,1.9941e+05,1.9941e+05,1.9941e+05,1.9941e+05,1.9941e+05,1.9941e+05,1.9941e+05,1.9941e+05,1.9941e+05,1.9941e+05,1.9941e+05,1.9941e+05,1.9941e+05,1.9941e+05,1.9941e+05,1.9941e+05,1.9941e+05,1.9941e+05,1.9941e+05,1.9941e+05,1.9941e+05,1.9941e+05,1.9941e+05,1.9941e+05,1.9941e+05,1.9941e+05,1.9941e+05,1.9941e+05,1.9941e+05,1.9941e+05,1.9941e+05,1.9941e+05,1.9941e+05,1.9941e+05,1.9941e+05,1.9941e+05,1.9941e+05,1.9941e+05,1.9941e+05,1.9941e+05
87,2012-03-28 12:00:00,2.0176e+05,2.0176e+05,2.0176e+05,2.0176e+05,2.0176e+05,2.0176e+05,2.0176e+05,2.0176e+05,2.0176e+05,2.0176e+05,2.0176e+05,2.0176e+05,2.0176e+05,2.0176e+05,2.0176e+05,2.0176e+05,2.0176e+05,2.0176e+05,2.0176e+05,2.0176e+05,2.0176e+05,2.0176e+05,2.0176e+05,2.0176e+05,2.0176e+05,2.0176e+05,2.0176e+05,2.0176e+05,2.0176e+05,2.0176e+05,2.0176e+05,2.0176e+05,2.0176e+05,2.0176e+05,2.0176e+05,2.0176e+05,2.0176e+05,2.0176e+05,2.0176e+05,2.0176e+05,2.0176e+05,2.0176e+05,2.0176e+05,2.0176e+05,2.0176e+05,2.0176e+05,2.0176e+05,2.0176e+05,2.0176e+05,2.0176e+05,2.0176e+05
88,2012-03-29 12:00:00,2.041e+05,2.041e+05,2.041e+05,2.041e+05,2.041e+05,2.041e+05,2.041e+05,2.041e+05,2.041e+05,2.041e+05,2.041e+05,2.041e+05,2.041e+05,2.041e+05,2.041e+05,2.041e+05,2.041e+05,2.041e+05,2.041e+05,2.041e+05,2.041e+05,2.041e+05,2.041e+05,2.041e+05,2.041e+05,2.041e+05,2.041e+05,2.041e+05,2.041e+05,2.041e+05,2.041e+05,2.041e+05,2.041e+05,2.041e+05,2.041e+05,2.041e+05,2.041e+05,2.041e+05,2.041e+05,2.041e+05,2.041e+05,2.041e+05,2.041e+05,2.041e+05,2.041e+05,2.041e+05,2.041e+05,2.041e+05,2.041e+05,2.041e+05,2.041e+05
89,2012-03-30 12:00:00,2.0645e+05,2.0645e+05,2.0645e+05,2.0645e+05,2.0645e+05,2.0645e+05,2.0645e+05,2.0645e+05,2.0645e+05,2.0645e+05,2.0645e+05,2.0645e+05,2.0645e+05,2.0645e+05,2.0645e+05,2.0645e+05,2.0645e+05,2.0645e+05,2.0645e+05,2.0645e+05,2.0645e+05,2.0645e+05,2.0645e+05,2.0645e+05,2.0645e+05,2.0645e+05,2.0645e+05,2.0645e+05,2.0645e+05,2.0645e+05,2.0645e+05,2.0645e+05,2.0645e+05,2.0645e+05,2.0645e+05,2.0645e+05,2.0645e+05,2.0645e+05,2.0645e+05,2.0645e+05,2.0645e+05,2.0645e+05,2.0645e+05,2.0645e+05,2.0645e+05,2.0645e+05,2.0645e+05,2.0645e+05,2.0645e+05,2.0645e+05,2.0645e+05
90,2012-03-31 12:00:00,2.0879e+05,2.0879e+05,2.0879e+05,2.0879e+05,2.0879e+05,2.0879e+05,2.0879e+05,2.0879e+05,2.0879e+05,2.0879e+05,2.0879e+05,2.0879e+05,2.0879e+05,2.0879e+05,2.0879e+05,2.0879e+05,2.0879e+05,2.0879e+05,2.0879e+05,2.0879e+05,2.0879e+05,2.0879e+05,2.0879e+05,2.0879e+05,2.0879e+05,2.0879e+05,2.0879e+05,2.0879e+05,2.0879e+05,2.0879e+05,2.0879e+05,2.0879e+05,2.0879e+05,2.0879e+05,2.0879e+05,2.0879e+05,2.0879e+05,2.0879e+05,2.0879e+05,2.0879e+05,2.0879e+05,2.0879e+05,2.0879e+05,2.0879e+05,2.0879e+05,2.0879e+05,2.0879e+05,2.0879e+05,2.0879e+05,2.0879e+05,2.0879e+05
91,2012-04-01 12:00:00,2.1114e+05,2.1114e+05,2.1114e+05,2.1114e+05,2.1114e+05,2.1114e+05,2.1114e+05,2.1114e+05,2.1114e+05,2.1114e+05,2.1114e+05,2.1114e+05,2.1114e+05,2.1114e+05,2.1114e+05,2.1114e+05,2.1114e+05,2.1114e+05,2.1114e+05,2.1114e+05,2.1114e+05,2.1114e+05,2.1114e+05,2.1114e+05,2.1114e+05,2.1114e+05,2.1114e+05,2.1114e+05,2.1114e+05,2.1114e+05,2.1114e+05,2.1114e+05,2.1114e+05,2.1114e+05,2.1114e+05,2.1114e+05,2.1114e+05,2.1114e+05,2.1114e+05,2.1114e+05,2.1114e+05,2.1114e+05,2.1114e+05,2.1114e+05,2.1114e+05,2.1114e+05,2.1114e+05,2.1114e+05,2.1114e+05,2.1114e+05,2.1114e+05
92,2012-04-02 12:00:00,2.1349e+05,2.1349e+05,2.1349e+05,2.1349e+05,2.1349e+05,2.1349e+05,2.1349e+05,2.1349e+05,2.1349e+05,2.1349e+05,2.1349e+05,2.1349e+05,2.1349e+05,2.1349e+05,2.1349e+05,2.1349e+05,2.1349e+05,2.1349e+05,2.1349e+05,2.1349e+05,2.1349e+05,2.1349e+05,2.1349e+05,2.1349e+05,2.1349e+05,2.1349e+05,2.1349e+05,2.1349e+05,2.1349e+05,2.1349e+05,2.1349e+05,2.1349e+05,2.1349e+05,2.1349e+05,2.1349e+05,2.1349e+05,2.1349e+05,2.1349e+05,2.1349e+05,2.1349e+05,2.1349e+05,2.1349e+05,2.1349e+05,2.1349e+05,2.1349e+05,2.1349e+05,2.1349e+05,2.1349e+05,2.1349e+05,2.1349e+05,2.1349e+05
93,2012-04-03 12:00:00,1.7238e+05,1.7238e+05,1.7238e+05,1.7238e+05,1.7238e+05,1.7238e+05,1.7238e+05,1.7238e+05,1.7238e+05,1.7238e+05,1.7238e+05,1.7238e+05,1.7238e+05,1.7238e+05,1.7238e+05,1.7238e+05,1.7238e+05,1.7238e+05,1.7238e+05,1.7238e+05,1.7238e+05,1.7238e+05,1.7238e+05,1.7238e+05,1.7238e+05,1.7238e+05,1.7238e+05,1.7238e+05,1.7238e+05,1.7238e+05,1.7238e+05,1.7238e+05,1.7238e+05,1.7238e+05,1.7238e+05,1.7238e+05,1.7238e+05,1.7238e+05,1.7238e+05,1.7238e+05,1.7238e+05,1.7238e+05,1.7238e+05,1.7238e+05,1.7238e+05,1.7238e+05,1.7238e+05,1.7238e+05,1.7238e+05,1.7238e+05,1.7238e+05
94,2012-04-04 12:00:00,2.1818e+05,2.1818e+05,2.1818e+05,2.1818e+05,2.1818e+05,2.1818e+05,2.1818e+05,2.1818e+05,2.1818e+05,2.1818e+05,2.1818e+05,2.1818e+05,2.1818e+05,2.1818e+05,2.1818e+05,2.1818e+05,2.1818e+05,2.1818e+05,2.1818e+05,2.1818e+05,2.1818e+05,2.1818e+05,2.1818e+05,2.1818e+05,2.1818e+05,2.1818e+05,2.1818e+05,2.1818e+05,2.1818e+05,2.1818e+05,2.1818e+05,2.1818e+05,2.1818e+05,2.1818e+05,2.1818e+05,2.1818e+05,2.1818e+05,2.1818e+05,2.1818e+05,2.1818e+05,2.1818e+05,2.1818e+05,2.1818e+05,2.1818e+05,2.1818e+05,2.1818e+05,2.1818e+05,2.1818e+05,2.1818e+05,2.1818e+05,2.1818e+05
95,2012-04-05 12:00:00,2.2052e+05,2.2052e+05,2.2052e+05,2.2052e+05,2.2052e+05,2.2052e+05,2.2052e+05,2.2052e+05,2.2052e+05,2.2052e+05,2.2052e+05,2.2052e+05,2.2052e+05,2.2052e+05,2.2052e+05,2.2052e+05,2.2052e+05,2.2052e+05,2.2052e+05,2.2052e+05,2.2052e+05,2.2052e+05,2.2052e+05,2.2052e+05,2.2052e+05,2.2052e+05,2.2052e+05,2.2052e+05,2.2052e+05,2.2052e+05,2.2052e+05,2.2052e+05,2.2052e+05,2.2052e+05,2.2052e+05,2.2052e+05,2.2052e+05,2.2052e+05,2.2052e+05,2.2052e+05,2.2052e+05,2.2052e+05,2.2052e+05,2.2052e+05,2.2052e+05,2.2052e+05,2.2052e+05,2.2052e+05,2.2052e+05,2.2052e+05,2.2052e+05
96,2012-04-06 12:00:00,2.2287e+05,2.2287e+05,2.2287e+05,2.2287e+05,2.2287e+05,2.2287e+05,2.2287e+05,2.2287e+05,2.2287e+05,2.2287e+05,2.2287e+05,2.2287e+05,2.2287e+05,2.2287e+05,2.2287e+05,2.2287e+05,2.2287e+05,2.2287e+05,2.2287e+05,2.2287e+05,2.2287e+05,2.2287e+05,2.2287e+05,2.2287e+05,2.2287e+05,2.2287e+05,2.2287e+05,2.2287e+05,2.2287e+05,2.2287e+05,2.2287e+05,2.2287e+05,2.2287e+05,2.2287e+05,2.2287e+05,2.2287e+05,2.2287e+05,2.2287e+05,2.2287e+05,2.2287e+05,2.2287e+05,2.2287e+05,2.2287e+05,2.2287e+05,2.2287e+05,2.2287e+05,2.2287e+05,2.2287e+05,2.2287e+05,2.2287e+05,2.2287e+05
97,2012-04-07 12:00:00,2.2522e+05,2.2522e+05,2.2522e+05,2.2522e+05,2.2522e+05,2.2522e+05,2.2522e+05,2.2522e+05,2.2522e+05,2.2522e+05,2.2522e+05,2.2522e+05,2.2522e+05,2.2522e+05,2.2522e+05,2.2522e+05,2.2522e+05,2.2522e+05,2.2522e+05,2.2522e+05,2.2522e+05,2.2522e+05,2.2522e+05,2.2522e+05,2.2522e+05,2.2522e+05,2.2522e+05,2.2522e+05,2.2522e+05,2.2522e+05,2.2522e+05,2.2522e+05,2.2522e+05,2.2522e+05,2.2522e+05,2.2522e+05,2.2522e+05,2.2522e+05,2.2522e+05,2.2522e+05,2.2522e+05,2.2522e+05,2.2522e+05,2.2522e+05,2.2522e+05,2.2522e+05,2.2522e+05,2.2522e+05,2.2522e+05,2.2522e+05,2.2522e+05
98,2012-04-08 12:00:00,2.2756e+05,2.2756e+05,2.2756e+05,2.2756e+05,2.2756e+05,2.2756e+05,2.2756e+05,2.2756e+05,2.2756e+05,2.2756e+05,2.2756e+05,2.2756e+05,2.2756e+05,2.2756e+05,2.2756e+05,2.2756e+05,2.2756e+05,2.2756e+05,2.2756e+05,2.2756e+05,2.2756e+05,2.2756e+05,2.2756e+05,2.2756e+05,2.2756e+05,2.2756e+05,2.2756e+05,2.2756e+05,2.2756e+05,2.2756e+05,2.2756e+05,2.2756e+05,2.2756e+05,2.2756e+05,2.2756e+05,2.2756e+05,2.2756e+05,2.2756e+05,2.2756e+05,2.2756e+05,2.2756e+05,2.2756e+05,2.2756e+05,2.2756e+05,2.2756e+05,2.2756e+05,2.2756e+05,2.2756e+05,2.2756e+05,2.2756e+05,2.2756e+05
99,2012-04-09 12:00:00,2.019e+05,2.019e+05,2.019e+05,2.019e+05,2.019e+05,2.019e+05,2.019e+05,2.019e+05,2.019e+05,2.019e+05,2.019e+05,2.019e+05,2.019e+05,2.019e+05,2.019e+05,2.019e+05,2.019e+05,2.019e+05,2.019e+05,2.019e+05,2.019e+05,2.019e+05,2.019e+05,2.019e+05,2.019e+05,2.019e+05,2.019e+05,2.019e+05,2.019e+05,2.019e+05,2.019e+05,2.019e+05,2.019e+05,2.019e+05,2.019e+05,2.019e+05,2.019e+05,2.019e+05,2.019e+05,2.019e+05,2.019e+05,2.019e+05,2.019e+05,2.019e+05,2.019e+05,2.019e+05,2.019e+05,2.019e+05,2.019e+05,2.019e+05,2.019e+05
100,2012-04-10 12:00:00,2.3225e+05,2.3225e+05,2.3225e+05,2.3225e+05,2.3225e+05,2.3225e+05,2.3225e+05,2.3225e+05,2.3225e+05,2.3225e+05,2.3225e+05,2.3225e+05,2.3225e+05,2.3225e+05,2.3225e+05,2.3225e+05,2.3225e+05,2.3225e+05,2.3225e+05,2.3225e+05,2.3225e+05,2.3225e+05,2.3225e+05,2.3225e+05,2.3225e+05,2.3225e+05,2.3225e+05,2.3225e+05,2.3225e+05,2.3225e+05,2.3225e+05,2.3225e+05,2.3225e+05,2.3225e+05,2.3225e+05,2.3225e+05,2.3225e+05,2.3225e+05,2.3225e+05,2.3225e+05,2.3225e+05,2.3225e+05,2.3225e+05,2.3225e+05,2.3225e+05,2.3225e+05,2.3225e+05,2.3225e+05,2.3225e+05,2.3225e+05,2.3225e+05
101,2012-04-11 12:00:00,2.346e+05,2.346e+05,2.346e+05,2.346e+05,2.346e+05,2.346e+05,2.346e+05,2.346e+05,2.346e+05,2.346e+05,2.346e+05,2.346e+05,2.346e+05,2.346e+05,2.346e+05,2.346e+05,2.346e+05,2.346e+05,2.346e+05,2.346e+05,2.346e+05,2.346e+05,2.346e+05,2.346e+05,2.346e+05,2.346e+05,2.346e+05,2.346e+05,2.346e+05,2.346e+05,2.346e+05,2.346e+05,2.346e+05,2.346e+05,2.346e+05,2.346e+05,2.346e+05,2.346e+05,2.346e+05,2.346e+05,2.346e+05,2.346e+05,2.346e+05,2.346e+05,2.346e+05,2.346e+05,2.346e+05,2.346e+05,2.346e+05,2.346e+05,2.346e+05
102,2012-04-12 12:00:00,2.3695e+05,2.3695e+05,2.3695e+05,2.3695e+05,2.3695e+05,2.3695e+05,2.3695e+05,2.3695e+05,2.3695e+05,2.3695e+05,2.3695e+05,2.3695e+05,2.3695e+05,2.3695e+05,2.3695e+05,2.3695e+05,2.3695e+05,2.3695e+05,2.3695e+05,2.3695e+05,2.3695e+05,2.3695e+05,2.3695e+05,2.3695e+05,2.3695e+05,2.3695e+05,2.3695e+05,2.3695e+05,2.3695e+05,2.3695e+05,2.3695e+05,2.3695e+05,2.3695e+05,2.3695e+05,2.3695e+05,2.3695e+05,2.3695e+05,2.3695e+05,2.3695e+05,2.3695e+05,2.3695e+05,2.3695e+05,2.3695e+05,2.3695e+05,2.3695e+05,2.3695e+05,2.3695e+05,2.3695e+05,2.3695e+05,2.3695e+05,2.3695e+05
103,2012-04-13 12:00:00,2.3929e+05,2.3929e+05,2.3929e+05,2.3929e+05,2.3929e+05,2.3929e+05,2.3929e+05,2.3929e+05,2.3929e+05,2.3929e+05,2.3929e+05,2.3929e+05,2.3929e+05,2.3929e+05,2.3929e+05,2.3929e+05,2.3929e+05,2.3929e+05,2.3929e+05,2.3929e+05,2.3929e+05,2.3929e+05,2.3929e+05,2.3929e+05,2.3929e+05,2.3929e+05,2.3929e+05,2.3929e+05,2.3929e+05,2.3929e+05,2.3929e+05,2.3929e+05,2.3929e+05,2.3929e+05,2.3929e+05,2.3929e+05,2.3929e+05,2.3929e+05,2.3929e+05,2.3929e+05,2.3929e+05,2.3929e+05,2.3929e+05,2.3929e+05,2.3929e+05,2.3929e+05,2.3929e+05,2.3929e+05,2.3929e+05,2.3929e+05,2.3929e+05
104,2012-04-14 12:00:00,2.4164e+05,2.4164e+05,2.4164e+05,2.4164e+05,2.4164e+05,2.4164e+05,2.4164e+05,2.4164e+05,2.4164e+05,2.4164e+05,2.4164e+05,2.4164e+05,2.4164e+05,2.4164e+05,2.4164e+05,2.4164e+05,2.4164e+05,2.4164e+05,2.4164e+05,2.4164e+05,2.4164e+05,2.4164e+05,2.4164e+05,2.4164e+05,2.4164e+05,2.4164e+05,2.4164e+05,2.4164e+05,2.4164e+05,2.4164e+05,2.4164e+05,2.4164e+05,2.4164e+05,2.4164e+05,2.4164e+05,2.4164e+05,2.4164e+05,2.4164e+05,2.4164e+05,2.4164e+05,2.4164e+05,2.4164e+05,2.4164e+05,2.4164e+05,2.4164e+05,2.4164e+05,2.4164e+05,2.4164e+05,2.4164e+05,2.4164e+05,2.4164e+05
105,2012-04-15 12:00:00,2.4398e+05,2.4398e+05,2.4398e+05,2.4398e+05,2.4398e+05,2.4398e+05,2.4398e+05,2.4398e+05,2.4398e+05,2.4398e+05,2.4398e+05,2.4398e+05,2.4398e+05,2.4398e+05,2.4398e+05,2.4398e+05,2.4398e+05,2.4398e+05,2.4398e+05,2.4398e+05,2.4398e+05,2.4398e+05,2.4398e+05,2.4398e+05,2.4398e+05,2.4398e+05,2.4398e+05,2.4398e+05,2.4398e+05,2.4398e+05,2.4398e+05,2.4398e+05,2.4398e+05,2.4398e+05,2.4398e+05,2.4398e+05,2.4398e+05,2.4398e+05,2.4398e+05,2.4398e+05,2.4398e+05,2.4398e+05,2.4398e+05,2.4398e+05,2.4398e+05,2.4398e+05,2.4398e+05,2.4398e+05,2.4398e+05,2.4398e+05,2.4398e+05
106,2012-04-16 12:00:00,2.4633e+05,2.4633e+05,2.4633e+05,2.4633e+05,2.4633e+05,2.4633e+05,2.4633e+05,2.4633e+05,2.4633e+05,2.4633e+05,2.4633e+05,2.4633e+05,2.4633e+05,2.4633e+05,2.4633e+05,2.4633e+05,2.4633e+05,2.4633e+05,2.4633e+05,2.4633e+05,2.4633e+05,2.4633e+05,2.4633e+05,2.4633e+05,2.4633e+05,2.4633e+05,2.4633e+05,2.4633e+05,2.4633e+05,2.4633e+05,2.4633e+05,2.4633e+05,2.4633e+05,2.4633e+05,2.4633e+05,2.4633e+05,2.4633e+05,2.4633e+05,2.4633e+05,2.4633e+05,2.4633e+05,2.4633e+05,2.4633e+05,2.4633e+05,2.4633e+05,2.4633e+05,2.4633e+05,2.4633e+05,2.4633e+05,2.4633e+05,2.4633e+05
107,2012-04-17 12:00:00,2.4398e+05,2.4398e+05,2.4398e+05,2.4398e+05,2.4398e+05,2.4398e+05,2.4398e+05,2.4398e+05,2.4398e+05,2.4398e+05,2.4398e+05,2.4398e+05,2.4398e+05,2.4398e+05,2.4398e+05,2.4398e+05,2.4398e+05,2.4398e+05,2.4398e+05,2.4398e+05,2.4398e+05,2.4398e+05,2.4398e+05,2.4398e+05,2.4398e+05,2.4398e+05,2.4398e+05,2.4398e+05,2.4398e+05,2.4398e+05,2.4398e+05,2.4398e+05,2.4398e+05,2.4398e+05,2.4398e+05,2.4398e+05,2.4398e+05,2.4398e+05,2.4398e+05,2.4398e+05,2.4398e+05,2.4398e+05,2.4398e+05,2.4398e+05,2.4398e+05,2.4398e+05,2.4398e+05,2.4398e+05,2.4398e+05,2.4398e+05,2.4398e+05
108,2012-04-18 12:00:00,2.4164e+05,2.4164e+05,2.4164e+05,2.4164e+05,2.4164e+05,2.4164e+05,2.4164e+05,2.4164e+05,2.4164e+05,2.4164e+05,2.4164e+05,2.4164e+05,2.4164e+05,2.4164e+05,2.4164e+05,2.4164e+05,2.4164e+05,2.4164e+05,2.4164e+05,2.4164e+05,2.4164e+05,2.4164e+05,2.4164e+05,2.4164e+05,2.4164e+05,2.4164e+05,2.4164e+05,2.4164e+05,2.4164e+05,2.4164e+05,2.4164e+05,2.4164e+05,2.4164e+05,2.4164e+05,2.4164e+05,2.4164e+05,2.4164e+05,2.4164e+05,2.4164e+05,2.4164e+05,2.4164e+05,2.4164e+05,2.4164e+05,2.4164e+05,2.4164e+05,2.4164e+05,2.4164e+05,2.4164e+05,2.4164e+05,2.4164e+05,2.4164e+05
109,2012-04-19 12:00:00,2.3929e+05,2.3929e+05,2.3929e+05,2.3929e+05,2.3929e+05,2.3929e+05,2.3929e+05,2.3929e+05,2.3929e+05,2.3929e+05,2.3929e+05,2.3929e+05,2.3929e+05,2.3929e+05,2.3929e+05,2.3929e+05,2.3929e+05,2.3929e+05,2.3929e+05,2.3929e+05,2.3929e+05,2.3929e+05,2.3929e+05,2.3929e+05,2.3929e+05,2.3929e+05,2.3929e+05,2.3929e+05,2.3929e+05,2.3929e+05,2.3929e+05,2.3929e+05,2.3929e+05,2.3929e+05,2.3929e+05,2.3929e+05,2.3929e+05,2.3929e+05,2.3929e+05,2.3929e+05,2.3929e+05,2.3929e+05,2.3929e+05,2.3929e+05,2.3929e+05,2.3929e+05,2.3929e+05,2.3929e+05,2.3929e+05,2.3929e+05,2.3929e+05
110,2012-04-20 12:00:00,2.3695e+05,2.3695e+05,2.3695e+05,2.3695e+05,2.3695e+05,2.3695e+05,2.3695e+05,2.3695e+05,2.3695e+05,2.3695e+05,2.3695e+05,2.3695e+05,2.3695e+05,2.3695e+05,2.3695e+05,2.3695e+05,2.3695e+05,2.3695e+05,2.3695e+05,2.3695e+05,2.3695e+05,2.3695e+05,2.3695e+05,2.3695e+05,2.3695e+05,2.3695e+05,2.3695e+05,2.3695e+05,2.3695e+05,2.3695e+05,2.3695e+05,2.3695e+05,2.3695e+05,2.3695e+05,2.3695e+05,2.3695e+05,2.3695e+05,2.3695e+05,2.3695e+05,2.3695e+05,2.3695e+05,2.3695e+05,2.3695e+05,2.3695e+05,2.3695e+05,2.3695e+05,2.3695e+05,2.3695e+05,2.3695e+05,2.3695e+05,2.3695e+05
111,2012-04-21 12:00:00,2.346e+05,2.346e+05,2.346e+05,2.346e+05,2.346e+05,2.346e+05,2.346e+05,2.346e+05,2.346e+05,2.346e+05,2.346e+05,2.346e+05,2.346e+05,2.346e+05,2.346e+05,2.346e+05,2.346e+05,2.346e+05,2.346e+05,2.346e+05,2.346e+05,2.346e+05,2.346e+05,2.346e+05,2.346e+05,2.346e+05,2.346e+05,2.346e+05,2.346e+05,2.346e+05,2.346e+05,2.346e+05,2.346e+05,2.346e+05,2.346e+05,2.346e+05,2.346e+05,2.346e+05,2.346e+05,2.346e+05,2.346e+05,2.346e+05,2.346e+05,2.346e+05,2.346e+05,2.346e+05,2.346e+05,2.346e+05,2.346e+05,2.346e+05,2.346e+05
112,2012-04-22 12:00:00,1.9234e+05,1.9234e+05,1.9234e+05,1.9234e+05,1.9234e+05,1.9234e+05,1.9234e+05,1.9234e+05,1.9234e+05,1.9234e+05,1.9234e+05,1.9234e+05,1.9234e+05,1.9234e+05,1.9234e+05,1.9234e+05,1.9234e+05,1.9234e+05,1.9234e+05,1.9234e+05,1.9234e+05,1.9234e+05,1.9234e+05,1.9234e+05,1.9234e+05,1.9234e+05,1.9234e+05,1.9234e+05,1.9234e+05,1.9234e+05,1.9234e+05,1.9234e+05,1.9234e+05,1.9234e+05,1.9234e+05,1.9234e+05,1.9234e+05,1.9234e+05,1.9234e+05,1.9234e+05,1.9234e+05,1.9234e+05,1.9234e+05,1.9234e+05,1.9234e+05,1.9234e+05,1.9234e+05,1.9234e+05,1.9234e+05,1.9234e+05,1.9234e+05
113,2012-04-23 12:00:00,2.2991e+05,2.2991e+05,2.2991e+05,2.2991e+05,2.2991e+05,2.2991e+05,2.2991e+05,2.2991e+05,2.2991e+05,2.2991e+05,2.2991e+05,2.2991e+05,2.2991e+05,2.2991e+05,2.2991e+05,2.2991e+05,2.2991e+05,2.2991e+05,2.2991e+05,2.2991e+05,2.2991e+05,2.2991e+05,2.2991e+05,2.2991e+05,2.2991e+05,2.2991e+05,2.2991e+05,2.2991e+05,2.2991e+05,2.2991e+05,2.2991e+05,2.2991e+05,2.2991e+05,2.2991e+05,2.2991e+05,2.2991e+05,2.2991e+05,2.2991e+05,2.2991e+05,2.2991e+05,2.2991e+05,2.2991e+05,2.2991e+05,2.2991e+05,2.2991e+05,2.2991e+05,2.2991e+05,2.2991e+05,2.2991e+05,2.2991e+05,2.2991e+05
114,2012-04-24 12:00:00,2.2756e+05,2.2756e+05,2.2756e+05,2.2756e+05,2.2756e+05,2.2756e+05,2.2756e+05,2.2756e+05,2.2756e+05,2.2756e+05,2.2756e+05,2.2756e+05,2.2756e+05,2.2756e+05,2.2756e+05,2.2756e+05,2.2756e+05,2.2756e+05,2.2756e+05,2.2756e+05,2.2756e+05,2.2756e+05,2.2756e+05,2.2756e+05,2.2756e+05,2.2756e+05,2.2756e+05,2.2756e+05,2.2756e+05,2.2756e+05,2.2756e+05,2.2756e+05,2.2756e+05,2.2756e+05,2.2756e+05,2.2756e+05,2.2756e+05,2.2756e+05,2.2756e+05,2.2756e+05,2.2756e+05,2.2756e+05,2.2756e+05,2.2756e+05,2.2756e+05,2.2756e+05,2.2756e+05,2.2756e+05,2.2756e+05,2.2756e+05,2.2756e+05
115,2012-04-25 12:00:00,2.2522e+05,2.2522e+05,2.2522e+05,2.2522e+05,2.2522e+05,2.2522e+05,2.2522e+05,2.2522e+05,2.2522e+05,2.2522e+05,2.2522e+05,2.2522e+05,2.2522e+05,2.2522e+05,2.2522e+05,2.2522e+05,2.2522e+05,2.2522e+05,2.2522e+05,2.2522e+05,2.2522e+05,2.2522e+05,2.2522e+05,2.2522e+05,2.2522e+05,2.2522e+05,2.2522e+05,2.2522e+05,2.2522e+05,2.2522e+05,2.2522e+05,2.2522e+05,2.2522e+05,2.2522e+05,2.2522e+05,2.2522e+05,2.2522e+05,2.2522e+05,2.2522e+05,2.2522e+05,2.2522e+05,2.2522e+05,2.2522e+05,2.2522e+05,2.2522e+05,2.2522e+05,2.2522e+05,2.2522e+05,2.2522e+05,2.2522e+05,2.2522e+05
116,2012-04-26 12:00:00,2.2287e+05,2.2287e+05,2.2287e+05,2.2287e+05,2.2287e+05,2.2287e+05,2.2287e+05,2.2287e+05,2.2287e+05,2.2287e+05,2.2287e+05,2.2287e+05,2.2287e+05,2.2287e+05,2.2287e+05,2.2287e+05,2.2287e+05,2.2287e+05,2.2287e+05,2.2287e+05,2.2287e+05,2.2287e+05,2.2287e+05,2.2287e+05,2.2287e+05,2.2287e+05,2.2287e+05,2.2287e+05,2.2287e+05,2.2287e+05,2.2287e+05,2.2287e+05,2.2287e+05,2.2287e+05,2.2287e+05,2.2287e+05,2.2287e+05,2.2287e+05,2.2287e+05,2.2287e+05,2.2287e+05,2.2287e+05,2.2287e+05,2.2287e+05,2.2287e+05,2.2287e+05,2.2287e+05,2.2287e+05,2.2287e+05,2.2287e+05,2.2287e+05
117,2012-04-27 12:00:00,1.6383e+05,1.6383e+05,1.6383e+05,1.6383e+05,1.6383e+05,1.6383e+05,1.6383e+05,1.6383e+05,1.6383e+05,1.6383e+05,1.6383e+05,1.6383e+05,1.6383e+05,1.6383e+05,1.6383e+05,1.6383e+05,1.6383e+05,1.6383e+05,1.6383e+05,1.6383e+05,1.6383e+05,1.6383e+05,1.6383e+05,1.6383e+05,1.6383e+05,1.6383e+05,1.6383e+05,1.6383e+05,1.6383e+05,1.6383e+05,1.6383e+05,1.6383e+05,1.6383e+05,1.6383e+05,1.6383e+05,1.6383e+05,1.6383e+05,1.6383e+05,1.6383e+05,1.6383e+05,1.6383e+05,1.6383e+05,1.6383e+05,1.6383e+05,1.6383e+05,1.6383e+05,1.6383e+05,1.6383e+05,1.6383e+05,1.6383e+05,1.6383e+05
118,2012-04-28 12:00:00,2.1818e+05,2.1818e+05,2.1818e+05,2.1818e+05,2.1818e+05,2.1818e+05,2.1818e+05,2.1818e+05,2.1818e+05,2.1818e+05,2.1818e+05,2.1818e+05,2.1818e+05,2.1818e+05,2.1818e+05,2.1818e+05,2.1818e+05,2.1818e+05,2.1818e+05,2.1818e+05,2.1818e+05,2.1818e+05,2.1818e+05,2.1818e+05,2.1818e+05,2.1818e+05,2.1818e+05,2.1818e+05,2.1818e+05,2.1818e+05,2.1818e+05,2.1818e+05,2.1818e+05,2.1818e+05,2.1818e+05,2.1818e+05,2.1818e+05,2.1818e+05,2.1818e+05,2.1818e+05,2.1818e+05,2.1818e+05,2.1818e+05,2.1818e+05,2.1818e+05,2.1818e+05,2.1818e+05,2.1818e+05,2.1818e+05,2.1818e+05,2.1818e+05
119,2012-04-29 12:00:00,1.7945e+05,1.7945e+05,1.7945e+05,1.7945e+05,1.7945e+05,1.7945e+05,1.7945e+05,1.7945e+05,1.7945e+05,1.7945e+05,1.7945e+05,1.7945e+05,1.7945e+05,1.7945e+05,1.7945e+05,1.7945e+05,1.7945e+05,1.7945e+05,1.7945e+05,1.7945e+05,1.7945e+05,1.7945e+05,1.7945e+05,1.7945e+05,1.7945e+05,1.7945e+05,1.7945e+05,1.7945e+05,1.7945e+05,1.7945e+05,1.7945e+05,1.7945e+05,1.7945e+05,1.7945e+05,1.7945e+05,1.7945e+05,1.7945e+05,1.7945e+05,1.7945e+05,1.7945e+05,1.7945e+05,1.7945e+05,1.7945e+05,1.7945e+05,1.7945e+05,1.7945e+05,1.7945e+05,1.7945e+05,1.7945e+05,1.7945e+05,1.7945e+05
120,2012-04-30 12:00:00,2.1349e+05,2.1349e+05,2.1349e+05,2.1349e+05,2.1349e+05,2.1349e+05,2.1349e+05,2.1349e+05,2.1349e+05,2.1349e+05,2.1349e+05,2.1349e+05,2.1349e+05,2.1349e+05,2.1349e+05,2.1349e+05,2.1349e+05,2.1349e+05,2.1349e+05,2.1349e+05,2.1349e+05,2.1349e+05,2.1349e+05,2.1349e+05,2.1349e+05,2.1349e+05,2.1349e+05,2.1349e+05,2.1349e+05,2.1349e+05,2.1349e+05,2.1349e+05,2.1349e+05,2.1349e+05,2.1349e+05,2.1349e+05,2.1349e+05,2.1349e+05,2.1349e+05,2.1349e+05,2.1349e+05,2.1349e+05,2.1349e+05,2.1349e+05,2.1349e+05,2.1349e+05,2.1349e+05,2.1349e+05,2.1349e+05,2.1349e+05,2.1349e+05
121,2012-05-01 12:00:00,2.1114e+05,2.1114e+05,2.1114e+05,2.1114e+05,2.1114e+05,2.1114e+05,2.1114e+05,2.1114e+05,2.1114e+05,2.1114e+05,2.1114e+05,2.1114e+05,2.1114e+05,2.1114e+05,2.1114e+05,2.1114e+05,2.1114e+05,2.1114e+05,2.1114e+05,2.1114e+05,2.1114e+05,2.1114e+05,2.1114e+05,2.1114e+05,2.1114e+05,2.1114e+05,2.1114e+05,2.1114e+05,2.1114e+05,2.1114e+05,2.1114e+05,2.1114e+05,2.1114e+05,2.1114e+05,2.1114e+05,2.1114e+05,2.1114e+05,2.1114e+05,2.1114e+05,2.1114e+05,2.1114e+05,2.1114e+05,2.1114e+05,2.1114e+05,2.1114e+05,2.1114e+05,2.1114e+05,2.1114e+05,2.1114e+05,2.1114e+05,2.1114e+05
122,2012-05-02 12:00:00,2.0879e+05,2.0879e+05,2.0879e+05,2.0879e+05,2.0879e+05,2.0879e+05,2.0879e+05,2.0879e+05,2.0879e+05,2.0879e+05,2.0879e+05,2.0879e+05,2.0879e+05,2.0879e+05,2.0879e+05,2.0879e+05,2.0879e+05,2.0879e+05,2.0879e+05,2.0879e+05,2.0879e+05,2.0879e+05,2.0879e+05,2.0879e+05,2.0879e+05,2.0879e+05,2.0879e+05,2.0879e+05,2.0879e+05,2.0879e+05,2.0879e+05,2.0879e+05,2.0879e+05,2.0879e+05,2.0879e+05,2.0879e+05,2.0879e+05,2.0879e+05,2.0879e+05,2.0879e+05,2.0879e+05,2.0879e+05,2.0879e+05,2.0879e+05,2.0879e+05,2.0879e+05,2.0879e+05,2.0879e+05,2.0879e+05,2.0879e+05,2.0879e+05
123,2012-05-03 12:00:00,2.0645e+05,2.0645e+05,2.0645e+05,2.0645e+05,2.0645e+05,2.0645e+05,2.0645e+05,2.0645e+05,2.0645e+05,2.0645e+05,2.0645e+05,2.0645e+05,2.0645e+05,2.0645e+05,2.0645e+05,2.0645e+05,2.0645e+05,2.0645e+05,2.0645e+05,2.0645e+05,2.0645e+05,2.0645e+05,2.0645e+05,2.0645e+05,2.0645e+05,2.0645e+05,2.0645e+05,2.0645e+05,2.0645e+05,2.0645e+05,2.0645e+05,2.0645e+05,2.0645e+05,2.0645e+05,2.0645e+05,2.0645e+05,2.0645e+05,2.0645e+05,2.0645e+05,2.0645e+05,2.0645e+05,2.0645e+05,2.0645e+05,2.0645e+05,2.0645e+05,2.0645e+05,2.0645e+05,2.0645e+05,2.0645e+05,2.0645e+05,2.0645e+05
124,2012-05-04 12:00:00,2.041e+05,2.041e+05,2.041e+05,2.041e+05,2.041e+05,2.041e+05,2.041e+05,2.041e+05,2.041e+05,2.041e+05,2.041e+05,2.041e+05,2.041e+05,2.041e+05,2.041e+05,2.041e+05,2.041e+05,2.041e+05,2.041e+05,2.041e+05,2.041e+05,2.041e+05,2.041e+05,2.041e+05,2.041e+05,2.041e+05,2.041e+05,2.041e+05,2.041e+05,2.041e+05,2.041e+05,2.041e+05,2.041e+05,2.041e+05,2.041e+05,2.041e+05,2.041e+05,2.041e+05,2.041e+05,2.041e+05,2.041e+05,2.041e+05,2.041e+05,2.041e+05,2.041e+05,2.041e+05,2.041e+05,2.041e+05,2.041e+05,2.041e+05,2.041e+05
125,2012-05-05 12:00:00,2.0176e+05,2.0176e+05,2.0176e+05,2.0176e+05,2.0176e+05,2.0176e+05,2.0176e+05,2.0176e+05,2.0176e+05,2.0176e+05,2.0176e+05,2.0176e+05,2.0176e+05,2.0176e+05,2.0176e+05,2.0176e+05,2.0176e+05,2.0176e+05,2.0176e+05,2.0176e+05,2.0176e+05,2.0176e+05,2.0176e+05,2.0176e+05,2.0176e+05,2.0176e+05,2.0176e+05,2.0176e+05,2.0176e+05,2.0176e+05,2.0176e+05,2.0176e+05,2.0176e+05,2.0176e+05,2.0176e+05,2.0176e+05,2.0176e+05,2.0176e+05,2.0176e+05,2.0176e+05,2.0176e+05,2.0176e+05,2.0176e+05,2.0176e+05,2.0176e+05,2.0176e+05,2.0176e+05,2.0176e+05,2.0176e+05,2.0176e+05,2.0176e+05
126,2012-05-06 12:00:00,1.9941e+05,1.9941e+05,1.9941e+05,1.9941e+05,1.9941e+05,1.9941e+05,1.9941e+05,1.9941e+05,1.9941e+05,1.9941e+05,1.9941e+05,1.9941e+05,1.9941e+05,1.9941e+05,1.9941e+05,1.9941e+05,1.9941e+05,1.9941e+05,1.9941e+05,1.9941e+05,1.9941e+05,1.9941e+05,1.9941e+05,1.9941e+05,1.9941e+05,1.9941e+05,1.9941e+05,1.9941e+05,1.9941e+05,1.9941e+05,1.9941e+05,1.9941e+05,1.9941e+05,1.9941e+05,1.9941e+05,1.9941e+05,1.9941e+05,1.9941e+05,1.9941e+05,1.9941e+05,1.9941e+05,1.9941e+05,1.9941e+05,1.9941e+05,1.9941e+05,1.9941e+05,1.9941e+05,1.9941e+05,1.9941e+05,1.9941e+05,1.9941e+05
127,2012-05-07 12:00:00,1.3844e+05,1.3844e+05,1.3844e+05,1.3844e+05,1.3844e+05,1.3844e+05,1.3844e+05,1.3844e+05,1.3844e+05,1.3844e+05,1.3844e+05,1.3844e+05,1.3844e+05,1.3844e+05,1.3844e+05,1.3844e+05,1.3844e+05,1.3844e+05,1.3844e+05,1.3844e+05,1.3844e+05,1.3844e+05,1.3844e+05,1.3844e+05,1.3844e+05,1.3844e+05,1.3844e+05,1.3844e+05,1.3844e+05,1.3844e+05,1.3844e+05,1.3844e+05,1.3844e+05,1.3844e+05,1.3844e+05,1.3844e+05,1.3844e+05,1.3844e+05,1.3844e+05,1.3844e+05,1.3844e+05,1.3844e+05,1.3844e+05,1.3844e+05,1.3844e+05,1.3844e+05,1.3844e+05,1.3844e+05,1.3844e+05,1.3844e+05,1.3844e+05
128,2012-05-08 12:00:00,1.9472e+05,1.9472e+05,1.9472e+05,1.9472e+05,1.9472e+05,1.9472e+05,1.9472e+05,1.9472e+05,1.9472e+05,1.9472e+05,1.9472e+05,1.9472e+05,1.9472e+05,1.9472e+05,1.9472e+05,1.9472e+05,1.9472e+05,1.9472e+05,1.9472e+05,1.9472e+05,1.9472e+05,1.9472e+05,1.9472e+05,1.9472e+05,1.9472e+05,1.9472e+05,1.9472e+05,1.9472e+05,1.9472e+05,1.9472e+05,1.9472e+05,1.9472e+05,1.9472e+05,1.9472e+05,1.9472e+05,1.9472e+05,1.9472e+05,1.9472e+05,1.9472e+05,1.9472e+05,1.9472e+05,1.9472e+05,1.9472e+05,1.9472e+05,1.9472e+05,1.9472e+05,1.9472e+05,1.9472e+05,1.9472e+05,1.9472e+05,1.9472e+05
129,2012-05-09 12:00:00,1.9237e+05,1.9237e+05,1.9237e+05,1.9237e+05,1.9237e+05,1.9237e+05,1.9237e+05,1.9237e+05,1.9237e+05,1.9237e+05,1.9237e+05,1.9237e+05,1.9237e+05,1.9237e+05,1.9237e+05,1.9237e+05,1.9237e+05,1.9237e+05,1.9237e+05,1.9237e+05,1.9237e+05,1.9237e+05,1.9237e+05,1.9237e+05,1.9237e+05,1.9237e+05,1.9237e+05,1.9237e+05,1.9237e+05,1.9237e+05,1.9237e+05,1.9237e+05,1.9237e+05,1.9237e+05,1.9237e+05,1.9237e+05,1.9237e+05,1.9237e+05,1.9237e+05,1.9237e+05,1.9237e+05,1.9237e+05,1.9237e+05,1.9237e+05,1.9237e+05,1.9237e+05,1.9237e+05,1.9237e+05,1.9237e+05,1.9237e+05,1.9237e+05
130,2012-05-10 12:00:00,1.3634e+05,1.3634e+05,1.3634e+05,1.3634e+05,1.3634e+05,1.3634e+05,1.3634e+05,1.3634e+05,1.3634e+05,1.3634e+05,1.3634e+05,1.3634e+05,1.3634e+05,1.3634e+05,1.3634e+05,1.3634e+05,1.3634e+05,1.3634e+05,1.3634e+05,1.3634e+05,1.3634e+05,1.3634e+05,1.3634e+05,1.3634e+05,1.3634e+05,1.3634e+05,1.3634e+05,1.3634e+05,1.3634e+05,1.3634e+05,1.3634e+05,1.3634e+05,1.3634e+05,1.3634e+05,1.3634e+05,1.3634e+05,1.3634e+05,1.3634e+05,1.3634e+05,1.3634e+05,1.3634e+05,1.3634e+05,1.3634e+05,1.3634e+05,1.3634e+05,1.3634e+05,1.3634e+05,1.3634e+05,1.3634e+05,1.3634e+05,1.3634e+05
131,2012-05-11 12:00:00,1.8768e+05,1.8768e+05,1.8768e+05,1.8768e+05,1.8768e+05,1.8768e+05,1.8768e+05,1.8768e+05,1.8768e+05,1.8768e+05,1.8768e+05,1.8768e+05,1.8768e+05,1.8768e+05,1.8768e+05,1.8768e+05,1.8768e+05,1.8768e+05,1.8768e+05,1.8768e+05,1.8768e+05,1.8768e+05,1.8768e+05,1.8768e+05,1.8768e+05,1.8768e+05,1.8768e+05,1.8768e+05,1.8768e+05,1.8768e+05,1.8768e+05,1.8768e+05,1.8768e+05,1.8768e+05,1.8768e+05,1.8768e+05,1.8768e+05,1.8768e+05,1.8768e+05,1.8768e+05,1.8768e+05,1.8768e+05,1.8768e+05,1.8768e+05,1.8768e+05,1.8768e+05,1.8768e+05,1.8768e+05,1.8768e+05,1.8768e+05,1.8768e+05
132,2012-05-12 12:00:00,1.8533e+05,1.8533e+05,1.8533e+05,1.8533e+05,1.8533e+05,1.8533e+05,1.8533e+05,1.8533e+05,1.8533e+05,1.8533e+05,1.8533e+05,1.8533e+05,1.8533e+05,1.8533e+05,1.8533e+05,1.8533e+05,1.8533e+05,1.8533e+05,1.8533e+05,1.8533e+05,1.8533e+05,1.8533e+05,1.8533e+05,1.8533e+05,1.8533e+05,1.8533e+05,1.8533e+05,1.8533e+05,1.8533e+05,1.8533e+05,1.8533e+05,1.8533e+05,1.8533e+05,1.8533e+05,1.8533e+05,1.8533e+05,1.8533e+05,1.8533e+05,1.8533e+05,1.8533e+05,1.8533e+05,1.8533e+05,1.8533e+05,1.8533e+05,1.8533e+05,1.8533e+05,1.8533e+05,1.8533e+05,1.8533e+05,1.8533e+05,1.8533e+05
133,2012-05-13 12:00:00,1.8299e+05,1.8299e+05,1.8299e+05,1.8299e+05,1.8299e+05,1.8299e+05,1.8299e+05,1.8299e+05,1.8299e+05,1.8299e+05,1.8299e+05,1.8299e+05,1.8299e+05,1.8299e+05,1.8299e+05,1.8299e+05,1.8299e+05,1.8299e+05,1.8299e+05,1.8299e+05,1.8299e+05,1.8299e+05,1.8299e+05,1.8299e+05,1.8299e+05,1.8299e+05,1.8299e+05,1.8299e+05,1.8299e+05,1.8299e+05,1.8299e+05,1.8299e+05,1.8299e+05,1.8299e+05,1.8299e+05,1.8299e+05,1.8299e+05,1.8299e+05,1.8299e+05,1.8299e+05,1.8299e+05,1.8299e+05,1.8299e+05,1.8299e+05,1.8299e+05,1.8299e+05,1.8299e+05,1.8299e+05,1.8299e+05,1.8299e+05,1.8299e+05
134,2012-05-14 12:00:00,1.8064e+05,1.8064e+05,1.8064e+05,1.8064e+05,1.8064e+05,1.8064e+05,1.8064e+05,1.8064e+05,1.8064e+05,1.8064e+05,1.8064e+05,1.8064e+05,1.8064e+05,1.8064e+05,1.8064e+05,1.8064e+05,1.8064e+05,1.8064e+05,1.8064e+05,1.8064e+05,1.8064e+05,1.8064e+05,1.8064e+05,1.8064e+05,1.8064e+05,1.8064e+05,1.8064e+05,1.8064e+05,1.8064e+05,1.8064e+05,1.8064e+05,1.8064e+05,1.8064e+05,1.8064e+05,1.8064e+05,1.8064e+05,1.8064e+05,1.8064e+05,1.8064e+05,1.8064e+05,1.8064e+05,1.8064e+05,1.8064e+05,1.8064e+05,1.8064e+05,1.8064e+05,1.8064e+05,1.8064e+05,1.8064e+05,1.8064e+05,1.8064e+05
135,2012-05-15 12:00:00,1.783e+05,1.783e+05,1.783e+05,1.783e+05,1.783e+05,1.783e+05,1.783e+05,1.783e+05,1.783e+05,1.783e+05,1.783e+05,1.783e+05,1.783e+05,1.783e+05,1.783e+05,1.783e+05,1.783e+05,1.783e+05,1.783e+05,1.783e+05,1.783e+05,1.783e+05,1.783e+05,1.783e+05,1.783e+05,1.783e+05,1.783e+05,1.783e+05,1.783e+05,1.783e+05,1.783e+05,1.783e+05,1.783e+05,1.783e+05,1.783e+05,1.783e+05,1.783e+05,1.783e+05,1.783e+05,1.783e+05,1.783e+05,1.783e+05,1.783e+05,1.783e+05,1.783e+05,1.783e+05,1.783e+05,1.783e+05,1.783e+05,1.783e+05,1.783e+05
136,2012-05-16 12:00:00,1.7595e+05,1.7595e+05,1.7595e+05,1.7595e+05,1.7595e+05,1.7595e+05,1.7595e+05,1.7595e+05,1.7595e+05,1.7595e+05,1.7595e+05,1.7595e+05,1.7595e+05,1.7595e+05,1.7595e+05,1.7595e+05,1.7595e+05,1.7595e+05,1.7595e+05,1.7595e+05,1.7595e+05,1.7595e+05,1.7595e+05,1.7595e+05,1.7595e+05,1.7595e+05,1.7595e+05,1.7595e+05,1.7595e+05,1.7595e+05,1.7595e+05,1.7595e+05,1.7595e+05,1.7595e+05,1.7595e+05,1.7595e+05,1.7595e+05,1.7595e+05,1.7595e+05,1.7595e+05,1.7595e+05,1.7595e+05,1.7595e+05,1.7595e+05,1.7595e+05,1.7595e+05,1.7595e+05,1.7595e+05,1.7595e+05,1.7595e+05,1.7595e+05
137,2012-05-17 12:00:00,1.736e+05,1.736e+05,1.736e+05,1.736e+05,1.736e+05,1.736e+05,1.736e+05,1.736e+05,1.736e+05,1.736e+05,1.736e+05,1.736e+05,1.736e+05,1.736e+05,1.736e+05,1.736e+05,1.736e+05,1.736e+05,1.736e+05,1.736e+05,1.736e+05,1.736e+05,1.736e+05,1.736e+05,1.736e+05,1.736e+05,1.736e+05,1.736e+05,1.736e+05,1.736e+05,1.736e+05,1.736e+05,1.736e+05,1.736e+05,1.736e+05,1.736e+05,1.736e+05,1.736e+05,1.736e+05,1.736e+05,1.736e+05,1.736e+05,1.736e+05,1.736e+05,1.736e+05,1.736e+05,1.736e+05,1.736e+05,1.736e+05,1.736e+05,1.736e+05
138,2012-05-18 12:00:00,1.7126e+05,1.7126e+05,1.7126e+05,1.7126e+05,1.7126e+05,1.7126e+05,1.7126e+05,1.7126e+05,1.7126e+05,1.7126e+05,1.7126e+05,1.7126e+05,1.7126e+05,1.7126e+05,1.7126e+05,1.7126e+05,1.7126e+05,1.7126e+05,1.7126e+05,1.7126e+05,1.7126e+05,1.7126e+05,1.7126e+05,1.7126e+05,1.7126e+05,1.7126e+05,1.7126e+05,1.7126e+05,1.7126e+05,1.7126e+05,1.7126e+05,1.7126e+05,1.7126e+05,1.7126e+05,1.7126e+05,1.7126e+05,1.7126e+05,1.7126e+05,1.7126e+05,1.7126e+05,1.7126e+05,1.7126e+05,1.7126e+05,1.7126e+05,1.7126e+05,1.7126e+05,1.7126e+05,1.7126e+05,1.7126e+05,1.7126e+05,1.7126e+05
139,2012-05-19 12:00:00,1.6891e+05,1.6891e+05,1.6891e+05,1.6891e+05,1.6891e+05,1.6891e+05,1.6891e+05,1.6891e+05,1.6891e+05,1.6891e+05,1.6891e+05,1.6891e+05,1.6891e+05,1.6891e+05,1.6891e+05,1.6891e+05,1.6891e+05,1.6891e+05,1.6891e+05,1.6891e+05,1.6891e+05,1.6891e+05,1.6891e+05,1.6891e+05,1.6891e+05,1.6891e+05,1.6891e+05,1.6891e+05,1.6891e+05,1.6891e+05,1.6891e+05,1.6891e+05,1.6891e+05,1.6891e+05,1.6891e+05,1.6891e+05,1.6891e+05,1.6891e+05,1.6891e+05,1.6891e+05,1.6891e+05,1.6891e+05,1.6891e+05,1.6891e+05,1.6891e+05,1.6891e+05,1.6891e+05,1.6891e+05,1.6891e+05,1.6891e+05,1.6891e+05
140,2012-05-20 12:00:00,1.6657e+05,1.6657e+05,1.6657e+05,1.6657e+05,1.6657e+05,1.6657e+05,1.6657e+05,1.6657e+05,1.6657e+05,1.6657e+05,1.6657e+05,1.6657e+05,1.6657e+05,1.6657e+05,1.6657e+05,1.6657e+05,1.6657e+05,1.6657e+05,1.6657e+05,1.6657e+05,1.6657e+05,1.6657e+05,1.6657e+05,1.6657e+05,1.6657e+05,1.6657e+05,1.6657e+05,1.6657e+05,1.6657e+05,1.6657e+05,1.6657e+05,1.6657e+05,1.6657e+05,1.6657e+05,1.6657e+05,1.6657e+05,1.6657e+05,1.6657e+05,1.6657e+05,1.6657e+05,1.6657e+05,1.6657e+05,1.6657e+05,1.6657e+05,1.6657e+05,1.6657e+05,1.6657e+05,1.6657e+05,1.6657e+05,1.6657e+05,1.6657e+05
141,2012-05-21 12:00:00,1.6422e+05,1.6422e+05,1.6422e+05,1.6422e+05,1.6422e+05,1.6422e+05,1.6422e+05,1.6422e+05,1.6422e+05,1.6422e+05,1.6422e+05,1.6422e+05,1.6422e+05,1.6422e+05,1.6422e+05,1.6422e+05,1.6422e+05,1.6422e+05,1.6422e+05,1.6422e+05,1.6422e+05,1.6422e+05,1.6422e+05,1.6422e+05,1.6422e+05,1.6422e+05,1.6422e+05,1.6422e+05,1.6422e+05,1.6422e+05,1.6422e+05,1.6422e+05,1.6422e+05,1.6422e+05,1.6422e+05,1.6422e+05,1.6422e+05,1.6422e+05,1.6422e+05,1.6422e+05,1.6422e+05,1.6422e+05,1.6422e+05,1.6422e+05,1.6422e+05,1.6422e+05,1.6422e+05,1.6422e+05,1.6422e+05,1.6422e+05,1.6422e+05
142,2012-05-22 12:00:00,1.6187e+05,1.6187e+05,1.6187e+05,1.6187e+05,1.6187e+05,1.6187e+05,1.6187e+05,1.6187e+05,1.6187e+05,1.6187e+05,1.6187e+05,1.6187e+05,1.6187e+05,1.6187e+05,1.6187e+05,1.6187e+05,1.6187e+05,1.6187e+05,1.6187e+05,1.6187e+05,1.6187e+05,1.6187e+05,1.6187e+05,1.6187e+05,1.6187e+05,1.6187e+05,1.6187e+05,1.6187e+05,1.6187e+05,1.6187e+05,1.6187e+05,1.6187e+05,1.6187e+05,1.6187e+05,1.6187e+05,1.6187e+05,1.6187e+05,1.6187e+05,1.6187e+05,1.6187e+05,1.6187e+05,1.6187e+05,1.6187e+05,1.6187e+05,1.6187e+05,1.6187e+05,1.6187e+05,1.6187e+05,1.6187e+05,1.6187e+05,1.6187e+05
143,2012-05-23 12:00:00,1.5953e+05,1.5953e+05,1.5953e+05,1.5953e+05,1.5953e+05,1.5953e+05,1.5953e+05,1.5953e+05,1.5953e+05,1.5953e+05,1.5953e+05,1.5953e+05,1.5953e+05,1.5953e+05,1.5953e+05,1.5953e+05,1.5953e+05,1.5953e+05,1.5953e+05,1.5953e+05,1.5953e+05,1.5953e+05,1.5953e+05,1.5953e+05,1.5953e+05,1.5953e+05,1.5953e+05,1.5953e+05,1.5953e+05,1.5953e+05,1.5953e+05,1.5953e+05,1.5953e+05,1.5953e+05,1.5953e+05,1.5953e+05,1.5953e+05,1.5953e+05,1.5953e+05,1.5953e+05,1.5953e+05,1.5953e+05,1.5953e+05,1.5953e+05,1.5953e+05,1.5953e+05,1.5953e+05,1.5953e+05,1.5953e+05,1.5953e+05,1.5953e+05
144,2012-05-24 12:00:00,1.5718e+05,1.5718e+05,1.5718e+05,1.5718e+05,1.5718e+05,1.5718e+05,1.5718e+05,1.5718e+05,1.5718e+05,1.5718e+05,1.5718e+05,1.5718e+05,1.5718e+05,1.5718e+05,1.5718e+05,1.5718e+05,1.5718e+05,1.5718e+05,1.5718e+05,1.5718e+05,1.5718e+05,1.5718e+05,1.5718e+05,1.5718e+05,1.5718e+05,1.5718e+05,1.5718e+05,1.5718e+05,1.5718e+05,1.5718e+05,1.5718e+05,1.5718e+05,1.5718e+05,1.5718e+05,1.5718e+05,1.5718e+05,1.5718e+05,1.5718e+05,1.5718e+05,1.5718e+05,1.5718e+05,1.5718e+05,1.5718e+05,1.5718e+05,1.5718e+05,1.5718e+05,1.5718e+05,1.5718e+05,1.5718e+05,1.5718e+05,1.5718e+05
145,2012-05-25 12:00:00,1.5484e+05,1.5484e+05,1.5484e+05,1.5484e+05,1.5484e+05,1.5484e+05,1.5484e+05,1.5484e+05,1.5484e+05,1.5484e+05,1.5484e+05,1.5484e+05,1.5484e+05,1.5484e+05,1.5484e+05,1.5484e+05,1.5484e+05,1.5484e+05,1.5484e+05,1.5484e+05,1.5484e+05,1.5484e+05,1.5484e+05,1.5484e+05,1.5484e+05,1.5484e+05,1.5484e+05,1.5484e+05,1.5484e+05,1.5484e+05,1.5484e+05,1.5484e+05,1.5484e+05,1.5484e+05,1.5484e+05,1.5484e+05,1.5484e+05,1.5484e+05,1.5484e+05,1.5484e+05,1.5484e+05,1.5484e+05,1.5484e+05,1.5484e+05,1.5484e+05,1.5484e+05,1.5484e+05,1.5484e+05,1.5484e+05,1.5484e+05,1.5484e+05
146,2012-05-26 12:00:00,1.5249e+05,1.5249e+05,1.5249e+05,1.5249e+05,1.5249e+05,1.5249e+05,1.5249e+05,1.5249e+05,1.5249e+05,1.5249e+05,1.5249e+05,1.5249e+05,1.5249e+05,1.5249e+05,1.5249e+05,1.5249e+05,1.5249e+05,1.5249e+05,1.5249e+05,1.5249e+05,1.5249e+05,1.5249e+05,1.5249e+05,1.5249e+05,1.5249e+05,1.5249e+05,1.5249e+05,1.5249e+05,1.5249e+05,1.5249e+05,1.5249e+05,1.5249e+05,1.5249e+05,1.5249e+05,1.5249e+05,1.5249e+05,1.5249e+05,1.5249e+05,1.5249e+05,1.5249e+05,1.5249e+05,1.5249e+05,1.5249e+05,1.5249e+05,1.5249e+05,1.5249e+05,1.5249e+05,1.5249e+05,1.5249e+05,1.5249e+05,1.5249e+05
147,2012-05-27 12:00:00,1.5014e+05,1.5014e+05,1.5014e+05,1.5014e+05,1.5014e+05,1.5014e+05,1.5014e+05,1.5014e+05,1.5014e+05,1.5014e+05,1.5014e+05,1.5014e+05,1.5014e+05,1.5014e+05,1.5014e+05,1.5014e+05,1.5014e+05,1.5014e+05,1.5014e+05,1.5014e+05,1.5014e+05,1.5014e+05,1.5014e+05,1.5014e+05,1.5014e+05,1.5014e+05,1.5014e+05,1.5014e+05,1.5014e+05,1.5014e+05,1.5014e+05,1.5014e+05,1.5014e+05,1.5014e+05,1.5014e+05,1.5014e+05,1.5014e+05,1.5014e+05,1.5014e+05,1.5014e+05,1.5014e+05,1.5014e+05,1.5014e+05,1.5014e+05,1.5014e+05,1.5014e+05,1.5014e+05,1.5014e+05,1.5014e+05,1.5014e+05,1.5014e+05
148,2012-05-28 12:00:00,1.478e+05,1.478e+05,1.478e+05,1.478e+05,1.478e+05,1.478e+05,1.478e+05,1.478e+05,1.478e+05,1.478e+05,1.478e+05,1.478e+05,1.478e+05,1.478e+05,1.478e+05,1.478e+05,1.478e+05,1.478e+05,1.478e+05,1.478e+05,1.478e+05,1.478e+05,1.478e+05,1.478e+05,1.478e+05,1.478e+05,1.478e+05,1.478e+05,1.478e+05,1.478e+05,1.478e+05,1.478e+05,1.478e+05,1.478e+05,1.478e+05,1.478e+05,1.478e+05,1.478e+05,1.478e+05,1.478e+05,1.478e+05,1.478e+05,1.478e+05,1.478e+05,1.478e+05,1.478e+05,1.478e+05,1.478e+05,1.478e+05,1.478e+05,1.478e+05
149,2012-05-29 12:00:00,1.4545e+05,1.4545e+05,1.4545e+05,1.4545e+05,1.4545e+05,1.4545e+05,1.4545e+05,1.4545e+05,1.4545e+05,1.4545e+05,1.4545e+05,1.4545e+05,1.4545e+05,1.4545e+05,1.4545e+05,1.4545e+05,1.4545e+05,1.4545e+05,1.4545e+05,1.4545e+05,1.4545e+05,1.4545e+05,1.4545e+05,1.4545e+05,1.4545e+05,1.4545e+05,1.4545e+05,1.4545e+05,1.4545e+05,1.4545e+05,1.4545e+05,1.4545e+05,1.4545e+05,1.4545e+05,1.4545e+05,1.4545e+05,1.4545e+05,1.4545e+05,1.4545e+05,1.4545e+05,1.4545e+05,1.4545e+05,1.4545e+05,1.4545e+05,1.4545e+05,1.4545e+05,1.4545e+05,1.4545e+05,1.4545e+05,1.4545e+05,1.4545e+05
150,2012-05-30 12:00:00,1.4311e+05,1.4311e+05,1.4311e+05,1.4311e+05,1.4311e+05,1.4311e+05,1.4311e+05,1.4311e+05,1.4311e+05,1.4311e+05,1.4311e+05,1.4311e+05,1.4311e+05,1.4311e+05,1.4311e+05,1.4311e+05,1.4311e+05,1.4311e+05,1.4311e+05,1.4311e+05,1.4311e+05,1.4311e+05,1.4311e+05,1.4311e+05,1.4311e+05,1.4311e+05,1.4311e+05,1.4311e+05,1.4311e+05,1.4311e+05,1.4311e+05,1.4311e+05,1.4311e+05,1.4311e+05,1.4311e+05,1.4311e+05,1.4311e+05,1.4311e+05,1.4311e+05,1.4311e+05,1.4311e+05,1.4311e+05,1.4311e+05,1.4311e+05,1.4311e+05,1.4311e+05,1.4311e+05,1.4311e+05,1.4311e+05,1.4311e+05,1.4311e+05
151,2012-05-31 12:00:00,1.4076e+05,1.4076e+05,1.4076e+05,1.4076e+05,1.4076e+05,1.4076e+05,1.4076e+05,1.4076e+05,1.4076e+05,1.4076e+05,1.4076e+05,1.4076e+05,1.4076e+05,1.4076e+05,1.4076e+05,1.4076e+05,1.4076e+05,1.4076e+05,1.4076e+05,1.4076e+05,1.4076e+05,1.4076e+05,1.4076e+05,1.4076e+05,1.4076e+05,1.4076e+05,1.4076e+05,1.4076e+05,1.4076e+05,1.4076e+05,1.4076e+05,1.4076e+05,1.4076e+05,1.4076e+05,1.4076e+05,1.4076e+05,1.4076e+05,1.4076e+05,1.4076e+05,1.4076e+05,1.4076e+05,1.4076e+05,1.4076e+05,1.4076e+05,1.4076e+05,1.4076e+05,1.4076e+05,1.4076e+05,1.4076e+05,1.4076e+05,1.4076e+05
152,2012-06-01 12:00:00,1.3841e+05,1.3841e+05,1.3841e+05,1.3841e+05,1.3841e+05,1.3841e+05,1.3841e+05,1.3841e+05,1.3841e+05,1.3841e+05,1.3841e+05,1.3841e+05,1.3841e+05,1.3841e+05,1.3841e+05,1.3841e+05,1.3841e+05,1.3841e+05,1.3841e+05,1.3841e+05,1.3841e+05,1.3841e+05,1.3841e+05,1.3841e+05,1.3841e+05,1.3841e+05,1.3841e+05,1.3841e+05,1.3841e+05,1.3841e+05,1.3841e+05,1.3841e+05,1.3841e+05,1.3841e+05,1.3841e+05,1.3841e+05,1.3841e+05,1.3841e+05,1.3841e+05,1.3841e+05,1.3841e+05,1.3841e+05,1.3841e+05,1.3841e+05,1.3841e+05,1.3841e+05,1.3841e+05,1.3841e+05,1.3841e+05,1.3841e+05,1.3841e+05
153,2012-06-02 12:00:00,1.3607e+05,1.3607e+05,1.3607e+05,1.3607e+05,1.3607e+05,1.3607e+05,1.3607e+05,1.3607e+05,1.3607e+05,1.3607e+05,1.3607e+05,1.3607e+05,1.3607e+05,1.3607e+05,1.3607e+05,1.3607e+05,1.3607e+05,1.3607e+05,1.3607e+05,1.3607e+05,1.3607e+05,1.3607e+05,1.3607e+05,1.3607e+05,1.3607e+05,1.3607e+05,1.3607e+05,1.3607e+05,1.3607e+05,1.3607e+05,1.3607e+05,1.3607e+05,1.3607e+05,1.3607e+05,1.3607e+05,1.3607e+05,1.3607e+05,1.3607e+05,1.3607e+05,1.3607e+05,1.3607e+05,1.3607e+05,1.3607e+05,1.3607e+05,1.3607e+05,1.3607e+05,1.3607e+05,1.3607e+05,1.3607e+05,1.3607e+05,1.3607e+05
154,2012-06-03 12:00:00,1.3372e+05,1.3372e+05,1.3372e+05,1.3372e+05,1.3372e+05,1.3372e+05,1.3372e+05,1.3372e+05,1.3372e+05,1.3372e+05,1.3372e+05,1.3372e+05,1.3372e+05,1.3372e+05,1.3372e+05,1.3372e+05,1.3372e+05,1.3372e+05,1.3372e+05,1.3372e+05,1.3372e+05,1.3372e+05,1.3372e+05,1.3372e+05,1.3372e+05,1.3372e+05,1.3372e+05,1.3372e+05,1.3372e+05,1.3372e+05,1.3372e+05,1.3372e+05,1.3372e+05,1.3372e+05,1.3372e+05,1.3372e+05,1.3372e+05,1.3372e+05,1.3372e+05,1.3372e+05,1.3372e+05,1.3372e+05,1.3372e+05,1.3372e+05,1.3372e+05,1.3372e+05,1.3372e+05,1.3372e+05,1.3372e+05,1.3372e+05,1.3372e+05
155,2012-06-04 12:00:00,1.3138e+05,1.3138e+05,1.3138e+05,1.3138e+05,1.3138e+05,1.3138e+05,1.3138e+05,1.3138e+05,1.3138e+05,1.3138e+05,1.3138e+05,1.3138e+05,1.3138e+05,1.3138e+05,1.3138e+05,1.3138e+05,1.3138e+05,1.3138e+05,1.3138e+05,1.3138e+05,1.3138e+05,1.3138e+05,1.3138e+05,1.3138e+05,1.3138e+05,1.3138e+05,1.3138e+05,1.3138e+05,1.3138e+05,1.3138e+05,1.3138e+05,1.3138e+05,1.3138e+05,1.3138e+05,1.3138e+05,1.3138e+05,1.3138e+05,1.3138e+05,1.3138e+05,1.3138e+05,1.3138e+05,1.3138e+05,1.3138e+05,1.3138e+05,1.3138e+05,1.3138e+05,1.3138e+05,1.3138e+05,1.3138e+05,1.3138e+05,1.3138e+05
156,2012-06-05 12:00:00,1.2903e+05,1.2903e+05,1.2903e+05,1.2903e+05,1.2903e+05,1.2903e+05,1.2903e+05,1.2903e+05,1.2903e+05,1.2903e+05,1.2903e+05,1.2903e+05,1.2903e+05,1.2903e+05,1.2903e+05,1.2903e+05,1.2903e+05,1.2903e+05,1.2903e+05,1.2903e+05,1.2903e+05,1.2903e+05,1.2903e+05,1.2903e+05,1.2903e+05,1.2903e+05,1.2903e+05,1.2903e+05,1.2903e+05,1.2903e+05,1.2903e+05,1.2903e+05,1.2903e+05,1.2903e+05,1.2903e+05,1.2903e+05,1.2903e+05,1.2903e+05,1.2903e+05,1.2903e+05,1.2903e+05,1.2903e+05,1.2903e+05,1.2903e+05,1.2903e+05,1.2903e+05,1.2903e+05,1.2903e+05,1.2903e+05,1.2903e+05,1.2903e+05
157,2012-06-06 12:00:00,1.1239e+05,1.1239e+05,1.1239e+05,1.1239e+05,1.1239e+05,1.1239e+05,1.1239e+05,1.1239e+05,1.1239e+05,1.1239e+05,1.1239e+05,1.1239e+05,1.1239e+05,1.1239e+05,1.1239e+05,1.1239e+05,1.1239e+05,1.1239e+05,1.1239e+05,1.1239e+05,1.1239e+05,1.1239e+05,1.1239e+05,1.1239e+05,1.1239e+05,1.1239e+05,1.1239e+05,1.1239e+05,1.1239e+05,1.1239e+05,1.1239e+05,1.1239e+05,1.1239e+05,1.1239e+05,1.1239e+05,1.1239e+05,1.1239e+05,1.1239e+05,1.1239e+05,1.1239e+05,1.1239e+05,1.1239e+05,1.1239e+05,1.1239e+05,1.1239e+05,1.1239e+05,1.1239e+05,1.1239e+05,1.1239e+05,1.1239e+05,1.1239e+05
158,2012-06-07 12:00:00,1.2434e+05,1.2434e+05,1.2434e+05,1.2434e+05,1.2434e+05,1.2434e+05,1.2434e+05,1.2434e+05,1.2434e+05,1.2434e+05,1.2434e+05,1.2434e+05,1.2434e+05,1.2434e+05,1.2434e+05,1.2434e+05,1.2434e+05,1.2434e+05,1.2434e+05,1.2434e+05,1.2434e+05,1.2434e+05,1.2434e+05,1.2434e+05,1.2434e+05,1.2434e+05,1.2434e+05,1.2434e+05,1.2434e+05,1.2434e+05,1.2434e+05,1.2434e+05,1.2434e+05,1.2434e+05,1.2434e+05,1.2434e+05,1.2434e+05,1.2434e+05,1.2434e+05,1.2434e+05,1.2434e+05,1.2434e+05,1.2434e+05,1.2434e+05,1.2434e+05,1.2434e+05,1.2434e+05,1.2434e+05,1.2434e+05,1.2434e+05,1.2434e+05
159,2012-06-08 12:00:00,1.2199e+05,1.2199e+05,1.2199e+05,1.2199e+05,1.2199e+05,1.2199e+05,1.2199e+05,1.2199e+05,1.2199e+05,1.2199e+05,1.2199e+05,1.2199e+05,1.2199e+05,1.2199e+05,1.2199e+05,1.2199e+05,1.2199e+05,1.2199e+05,1.2199e+05,1.2199e+05,1.2199e+05,1.2199e+05,1.2199e+05,1.2199e+05,1.2199e+05,1.2199e+05,1.2199e+05,1.2199e+05,1.2199e+05,1.2199e+05,1.2199e+05,1.2199e+05,1.2199e+05,1.2199e+05,1.2199e+05,1.2199e+05,1.2199e+05,1.2199e+05,1.2199e+05,1.2199e+05,1.2199e+05,1.2199e+05,1.2199e+05,1.2199e+05,1.2199e+05,1.2199e+05,1.2199e+05,1.2199e+05,1.2199e+05,1.2199e+05,1.2199e+05
160,2012-06-09 12:00:00,93368,93368,93368,93368,93368,93368,93368,93368,93368,93368,93368,93368,93368,93368,93368,93368,93368,93368,93368,93368,93368,93368,93368,93368,93368,93368,93368,93368,93368,93368,93368,93368,93368,93368,93368,93368,93368,93368,93368,93368,93368,93368,93368,93368,93368,93368,93368,93368,93368,93368,93368
161,2012-06-10 12:00:00,1.173e+05,1.173e+05,1.173e+05,1.173e+05,1.173e+05,1.173e+05,1.173e+05,1.173e+05,1.173e+05,1.173e+05,1.173e+05,1.173e+05,1.173e+05,1.173e+05,1.173e+05,1.173e+05,1.173e+05,1.173e+05,1.173e+05,1.173e+05,1.173e+05,1.173e+05,1.173e+05,1.173e+05,1.173e+05,1.173e+05,1.173e+05,1.173e+05,1.173e+05,1.173e+05,1.173e+05,1.173e+05,1.173e+05,1.173e+05,1.173e+05,1.173e+05,1.173e+05,1.173e+05,1.173e+05,1.173e+05,1.173e+05,1.173e+05,1.173e+05,1.173e+05,1.173e+05,1.173e+05,1.173e+05,1.173e+05,1.173e+05,1.173e+05,1.173e+05
162,2012-06-11 12:00:00,1.1495e+05,1.1495e+05,1.1495e+05,1.1495e+05,1.1495e+05,1.1495e+05,1.1495e+05,1.1495e+05,1.1495e+05,1.1495e+05,1.1495e+05,1.1495e+05,1.1495e+05,1.1495e+05,1.1495e+05,1.1495e+05,1.1495e+05,1.1495e+05,1.1495e+05,1.1495e+05,1.1495e+05,1.1495e+05,1.1495e+05,1.1495e+05,1.1495e+05,1.1495e+05,1.1495e+05,1.1495e+05,1.1495e+05,1.1495e+05,1.1495e+05,1.1495e+05,1.1495e+05,1.1495e+05,1.1495e+05,1.1495e+05,1.1495e+05,1.1495e+05,1.1495e+05,1.1495e+05,1.1495e+05,1.1495e+05,1.1495e+05,1.1495e+05,1.1495e+05,1.1495e+05,1.1495e+05,1.1495e+05,1.1495e+05,1.1495e+05,1.1495e+05
163,2012-06-12 12:00:00,81453,81453,81453,81453,81453,81453,81453,81453,81453,81453,81453,81453,81453,81453,81453,81453,81453,81453,81453,81453,81453,81453,81453,81453,81453,81453,81453,81453,81453,81453,81453,81453,81453,81453,81453,81453,81453,81453,81453,81453,81453,81453,81453,81453,81453,81453,81453,81453,81453,81453,81453
164,2012-06-13 12:00:00,1.1026e+05,1.1026e+05,1.1026e+05,1.1026e+05,1.1026e+05,1.1026e+05,1.1026e+05,1.1026e+05,1.1026e+05,1.1026e+05,1.1026e+05,1.1026e+05,1.1026e+05,1.1026e+05,1.1026e+05,1.1026e+05,1.1026e+05,1.1026e+05,1.1026e+05,1.1026e+05,1.1026e+05,1.1026e+05,1.1026e+05,1.1026e+05,1.1026e+05,1.1026e+05,1.1026e+05,1.1026e+05,1.1026e+05,1.1026e+05,1.1026e+05,1.1026e+05,1.1026e+05,1.1026e+05,1.1026e+05,1.1026e+05,1.1026e+05,1.1026e+05,1.1026e+05,1.1026e+05,1.1026e+05,1.1026e+05,1.1026e+05,1.1026e+05,1.1026e+05,1.1026e+05,1.1026e+05,1.1026e+05,1.1026e+05,1.1026e+05,1.1026e+05
165,2012-06-14 12:00:00,1.0792e+05,1.0792e+05,1.0792e+05,1.0792e+05,1.0792e+05,1.0792e+05,1.0792e+05,1.0792e+05,1.0792e+05,1.0792e+05,1.0792e+05,1.0792e+05,1.0792e+05,1.0792e+05,1.0792e+05,1.0792e+05,1.0792e+05,1.0792e+05,1.0792e+05,1.0792e+05,1.0792e+05,1.0792e+05,1.0792e+05,1.0792e+05,1.0792e+05,1.0792e+05,1.0792e+05,1.0792e+05,1.0792e+05,1.0792e+05,1.0792e+05,1.0792e+05,1.0792e+05,1.0792e+05,1.0792e+05,1.0792e+05,1.0792e+05,1.0792e+05,1.0792e+05,1.0792e+05,1.0792e+05,1.0792e+05,1.0792e+05,1.0792e+05,1.0792e+05,1.0792e+05,1.0792e+05,1.0792e+05,1.0792e+05,1.0792e+05,1.0792e+05
166,2012-06-15 12:00:00,1.0557e+05,1.0557e+05,1.0557e+05,1.0557e+05,1.0557e+05,1.0557e+05,1.0557e+05,1.0557e+05,1.0557e+05,1.0557e+05,1.0557e+05,1.0557e+05,1.0557e+05,1.0557e+05,1.0557e+05,1.0557e+05,1.0557e+05,1.0557e+05,1.0557e+05,1.0557e+05,1.0557e+05,1.0557e+05,1.0557e+05,1.0557e+05,1.0557e+05,1.0557e+05,1.0557e+05,1.0557e+05,1.0557e+05,1.0557e+05,1.0557e+05,1.0557e+05,1.0557e+05,1.0557e+05,1.0557e+05,1.0557e+05,1.0557e+05,1.0557e+05,1.0557e+05,1.0557e+05,1.0557e+05,1.0557e+05,1.0557e+05,1.0557e+05,1.0557e+05,1.0557e+05,1.0557e+05,1.0557e+05,1.0557e+05,1.0557e+05,1.0557e+05
167,2012-06-16 12:00:00,1.0322e+05,1.0322e+05,1.0322e+05,1.0322e+05,1.0322e+05,1.0322e+05,1.0322e+05,1.0322e+05,1.0322e+05,1.0322e+05,1.0322e+05,1.0322e+05,1.0322e+05,1.0322e+05,1.0322e+05,1.0322e+05,1.0322e+05,1.0322e+05,1.0322e+05,1.0322e+05,1.0322e+05,1.0322e+05,1.0322e+05,1.0322e+05,1.0322e+05,1.0322e+05,1.0322e+05,1.0322e+05,1.0322e+05,1.0322e+05,1.0322e+05,1.0322e+05,1.0322e+05,1.0322e+05,1.0322e+05,1.0322e+05,1.0322e+05,1.0322e+05,1.0322e+05,1.0322e+05,1.0322e+05,1.0322e+05,1.0322e+05,1.0322e+05,1.0322e+05,1.0322e+05,1.0322e+05,1.0322e+05,1.0322e+05,1.0322e+05,1.0322e+05
168,2012-06-17 12:00:00,90450,90450,90450,90450,90450,90450,90450,90450,90450,90450,90450,90450,90450,90450,90450,90450,90450,90450,90450,90450,90450,90450,90450,90450,90450,90450,90450,90450,90450,90450,90450,90450,90450,90450,90450,90450,90450,90450,90450,90450,90450,90450,90450,90450,90450,90450,90450,90450,90450,90450,90450
169,2012-06-18 12:00:00,98532,98532,98532,98532,98532,98532,98532,98532,98532,98532,98532,98532,98532,98532,98532,98532,98532,98532,98532,98532,98532,98532,98532,98532,98532,98532,98532,98532,98532,98532,98532,98532,98532,98532,98532,98532,98532,98532,98532,98532,98532,98532,98532,98532,98532,98532,98532,98532,98532,98532,98532
170,2012-06-19 12:00:00,96186,96186,96186,96186,96186,96186,96186,96186,96186,96186,96186,96186,96186,96186,96186,96186,96186,96186,96186,96186,96186,96186,96186,96186,96186,96186,96186,96186,96186,96186,96186,96186,96186,96186,96186,96186,96186,96186,96186,96186,96186,96186,96186,96186,96186,96186,96186,96186,96186,96186,96186
171,2012-06-20 12:00:00,93840,93840,93840,93840,93840,93840,93840,93840,93840,93840,93840,93840,93840,93840,93840,93840,93840,93840,93840,93840,93840,93840,93840,93840,93840,93840,93840,93840,93840,93840,93840,93840,93840,93840,93840,93840,93840,93840,93840,93840,93840,93840,93840,93840,93840,93840,93840,93840,93840,93840,93840
172,2012-06-21 12:00:00,65376,65376,65376,65376,65376,65376,65376,65376,65376,65376,65376,65376,65376,65376,65376,65376,65376,65376,65376,65376,65376,65376,65376,65376,65376,65376,65376,65376,65376,65376,65376,65376,65376,65376,65376,65376,65376,65376,65376,65376,65376,65376,65376,65376,65376,65376,65376,65376,65376,65376,65376
173,2012-06-22 12:00:00,89148,89148,89148,89148,89148,89148,89148,89148,89148,89148,89148,89148,89148,89148,89148,89148,89148,89148,89148,89148,89148,89148,89148,89148,89148,89148,89148,89148,89148,89148,89148,89148,89148,89148,89148,89148,89148,89148,89148,89148,89148,89148,89148,89148,89148,89148,89148,89148,89148,89148,89148
174,2012-06-23 12:00:00,86802,86802,86802,86802,86802,86802,86802,86802,86802,86802,86802,86802,86802,86802,86802,86802,86802,86802,86802,86802,86802,86802,86802,86802,86802,86802,86802,86802,86802,86802,86802,86802,86802,86802,86802,86802,86802,86802,86802,86802,86802,86802,86802,86802,86802,86802,86802,86802,86802,86802,86802
175,2012-06-24 12:00:00,84456,84456,84456,84456,84456,84456,84456,84456,84456,84456,84456,84456,84456,84456,84456,84456,84456,84456,84456,84456,84456,84456,84456,84456,84456,84456,84456,84456,84456,84456,84456,84456,84456,84456,84456,84456,84456,84456,84456,84456,84456,84456,84456,84456,84456,84456,84456,84456,84456,84456,84456
176,2012-06-25 12:00:00,82110,82110,82110,82110,82110,82110,82110,82110,82110,82110,82110,82110,82110,82110,82110,82110,82110,82110,82110,82110,82110,82110,82110,82110,82110,82110,82110,82110,82110,82110,82110,82110,82110,82110,82110,82110,82110,82110,82110,82110,82110,82110,82110,82110,82110,82110,82110,82110,82110,82110,82110
177,2012-06-26 12:00:00,65054,65054,65054,65054,65054,65054,65054,65054,65054,65054,65054,65054,65054,65054,65054,65054,65054,65054,65054,65054,65054,65054,65054,65054,65054,65054,65054,65054,65054,65054,65054,65054,65054,65054,65054,65054,65054,65054,65054,65054,65054,65054,65054,65054,65054,65054,65054,65054,65054,65054,65054
178,2012-06-27 12:00:00,77418,77418,77418,77418,77418,77418,77418,77418,77418,77418,77418,77418,77418,77418,77418,77418,77418,77418,77418,77418,77418,77418,77418,77418,77418,77418,77418,77418,77418,77418,77418,77418,77418,77418,77418,77418,77418,77418,77418,77418,77418,77418,77418,77418,77418,77418,77418,77418,77418,77418,77418
179,2012-06-28 12:00:00,75072,75072,75072,75072,75072,75072,75072,75072,75072,75072,75072,75072,75072,75072,75072,75072,75072,75072,75072,75072,75072,75072,75072,75072,75072,75072,75072,75072,75072,75072,75072,75072,75072,75072,75072,75072,75072,75072,75072,75072,75072,75072,75072,75072,75072,75072,75072,75072,75072,75072,75072
180,2012-06-29 12:00:00,72726,72726,72726,72726,72726,72726,72726,72726,72726,72726,72726,72726,72726,72726,72726,72726,72726,72726,72726,72726,72726,72726,72726,72726,72726,72726,72726,72726,72726,72726,72726,72726,72726,72726,72726,72726,72726,72726,72726,72726,72726,72726,72726,72726,72726,72726,72726,72726,72726,72726,72726
181,2012-06-30 12:00:00,70380,70380,70380,70380,70380,70380,70380,70380,70380,70380,70380,70380,70380,70380,70380,70380,70380,70380,70380,70380,70380,70380,70380,70380,70380,70380,70380,70380,70380,70380,70380,70380,70380,70380,70380,70380,70380,70380,70380,70380,70380,70380,70380,70380,70380,70380,70380,70380,70380,70380,70380
182,2012-07-01 12:00:00,68034,68034,68034,68034,68034,68034,68034,68034,68034,68034,68034,68034,68034,68034,68034,68034,68034,68034,68034,68034,68034,68034,68034,68034,68034,68034,68034,68034,68034,68034,68034,68034,68034,68034,68034,68034,68034,68034,68034,68034,68034,68034,68034,68034,68034,68034,68034,68034,68034,68034,68034
183,2012-07-02 12:00:00,65688,65688,65688,65688,65688,65688,65688,65688,65688,65688,65688,65688,65688,65688,65688,65688,65688,65688,65688,65688,65688,65688,65688,65688,65688,65688,65688,65688,65688,65688,65688,65688,65688,65688,65688,65688,65688,65688,65688,65688,65688,65688,65688,65688,65688,65688,65688,65688,65688,65688,65688
184,2012-07-03 12:00:00,63342,63342,63342,63342,63342,63342,63342,63342,63342,63342,63342,63342,63342,63342,63342,63342,63342,63342,63342,63342,63342,63342,63342,63342,63342,63342,63342,63342,63342,63342,63342,63342,63342,63342,63342,63342,63342,63342,63342,63342,63342,63342,63342,63342,63342,63342,63342,63342,63342,63342,63342
185,2012-07-04 12:00:00,60996,60996,60996,60996,60996,60996,60996,60996,60996,60996,60996,60996,60996,60996,60996,60996,60996,60996,60996,60996,60996,60996,60996,60996,60996,60996,60996,60996,60996,60996,60996,60996,60996,60996,60996,60996,60996,60996,60996,60996,60996,60996,60996,60996,60996,60996,60996,60996,60996,60996,60996
186,2012-07-05 12:00:00,58650,58650,58650,58650,58650,58650,58650,58650,58650,58650,58650,58650,58650,58650,58650,58650,58650,58650,58650,58650,58650,58650,58650,58650,58650,58650,58650,58650,58650,58650,58650,58650,58650,58650,58650,58650,58650,58650,58650,58650,58650,58650,58650,58650,58650,58650,58650,58650,58650,58650,58650
187,2012-07-06 12:00:00,46696,46696,46696,46696,46696,46696,46696,46696,46696,46696,46696,46696,46696,46696,46696,46696,46696,46696,46696,46696,46696,46696,46696,46696,46696,46696,46696,46696,46696,46696,46696,46696,46696,46696,46696,46696,46696,46696,46696,46696,46696,46696,46696,46696,46696,46696,46696,46696,46696,46696,46696
188,2012-07-07 12:00:00,53958,53958,53958,53958,53958,53958,53958,53958,53958,53958,53958,53958,53958,53958,53958,53958,53958,53958,53958,53958,53958,53958,53958,53958,53958,53958,53958,53958,53958,53958,53958,53958,53958,53958,53958,53958,53958,53958,53958,53958,53958,53958,53958,53958,53958,53958,53958,53958,53958,53958,53958
189,2012-07-08 12:00:00,51612,51612,51612,51612,51612,51612,51612,51612,51612,51612,51612,51612,51612,51612,51612,51612,51612,51612,51612,51612,51612,51612,51612,51612,51612,51612,51612,51612,51612,51612,51612,51612,51612,51612,51612,51612,51612,51612,51612,51612,51612,51612,51612,51612,51612,51612,51612,51612,51612,51612,51612
190,2012-07-09 12:00:00,49266,49266,49266,49266,49266,49266,49266,49266,49266,49266,49266,49266,49266,49266,49266,49266,49266,49266,49266,49266,49266,49266,49266,49266,49266,49266,49266,49266,49266,49266,49266,49266,49266,49266,49266,49266,49266,49266,49266,49266,49266,49266,49266,49266,49266,49266,49266,49266,49266,49266,49266
191,2012-07-10 12:00:00,46920,46920,46920,46920,46920,46920,46920,46920,46920,46920,46920,46920,46920,46920,46920,46920,46920,46920,46920,46920,46920,46920,46920,46920,46920,46920,46920,46920,46920,46920,46920,46920,46920,46920,46920,46920,46920,46920,46920,46920,46920,46920,46920,46920,46920,46920,46920,46920,46920,46920,46920
192,2012-07-11 12:00:00,44574,44574,44574,44574,44574,44574,44574,44574,44574,44574,44574,44574,44574,44574,44574,44574,44574,44574,44574,44574,44574,44574,44574,44574,44574,44574,44574,44574,44574,44574,44574,44574,44574,44574,44574,44574,44574,44574,44574,44574,44574,44574,44574,44574,44574,44574,44574,44574,44574,44574,44574
193,2012-07-12 12:00:00,42228,42228,42228,42228,42228,42228,42228,42228,42228,42228,42228,42228,42228,42228,42228,42228,42228,42228,42228,42228,42228,42228,42228,42228,42228,42228,42228,42228,42228,42228,42228,42228,42228,42228,42228,42228,42228,42228,42228,42228,42228,42228,42228,42228,42228,42228,42228,42228,42228,42228,42228
194,2012-07-13 12:00:00,39882,39882,39882,39882,39882,39882,39882,39882,39882,39882,39882,39882,39882,39882,39882,39882,39882,39882,39882,39882,39882,39882,39882,39882,39882,39882,39882,39882,39882,39882,39882,39882,39882,39882,39882,39882,39882,39882,39882,39882,39882,39882,39882,39882,39882,39882,39882,39882,39882,39882,39882
195,2012-07-14 12:00:00,37536,37536,37536,37536,37536,37536,37536,37536,37536,37536,37536,37536,37536,37536,37536,37536,37536,37536,37536,37536,37536,37536,37536,37536,37536,37536,37536,37536,37536,37536,37536,37536,37536,37536,37536,37536,37536,37536,37536,37536,37536,37536,37536,37536,37536,37536,37536,37536,37536,37536,37536
196,2012-07-15 12:00:00,35190,35190,35190,35190,35190,35190,35190,35190,35190,35190,35190,35190,35190,35190,35190,35190,35190,35190,35190,35190,35190,35190,35190,35190,35190,35190,35190,35190,35190,35190,35190,35190,35190,35190,35190,35190,35190,35190,35190,35190,35190,35190,35190,35190,35190,35190,35190,35190,35190,35190,35190
197,2012-07-16 12:00:00,26982,26982,26982,26982,26982,26982,26982,26982,26982,26982,26982,26982,26982,26982,26982,26982,26982,26982,26982,26982,26982,26982,26982,26982,26982,26982,26982,26982,26982,26982,26982,26982,26982,26982,26982,26982,26982,26982,26982,26982,26982,26982,26982,26982,26982,26982,26982,26982,26982,26982,26982
198,2012-07-17 12:00:00,30498,30498,30498,30498,30498,30498,30498,30498,30498,30498,30498,30498,30498,30498,30498,30498,30498,30498,30498,30498,30498,30498,30498,30498,30498,30498,30498,30498,30498,30498,30498,30498,30498,30498,30498,30498,30498,30498,30498,30498,30498,30498,30498,30498,30498,30498,30498,30498,30498,30498,30498
199,2012-07-18 12:00:00,19821,19821,19821,19821,19821,19821,19821,19821,19821,19821,19821,19821,19821,19821,19821,19821,19821,19821,19821,19821,19821,19821,19821,19821,19821,19821,19821,19821,19821,19821,19821,19821,19821,19821,19821,19821,19821,19821,19821,19821,19821,19821,19821,19821,19821,19821,19821,19821,19821,19821,19821
200,2012-07-19 12:00:00,25806,25806,25806,25806,25806,25806,25806,25806,25806,25806,25806,25806,25806,25806,25806,25806,25806,25806,25806,25806,25806,25806,25806,25806,25806,25806,25806,25806,25806,25806,25806,25806,25806,25806,25806,25806,25806,25806,25806,25806,25806,25806,25806,25806,25806,25806,25806,25806,25806,25806,25806
201,2012-07-20 12:00:00,23460,23460,23460,23460,23460,23460,23460,23460,23460,23460,23460,23460,23460,23460,23460,23460,23460,23460,23460,23460,23460,23460,23460,23460,23460,23460,23460,23460,23460,23460,23460,23460,23460,23460,23460,23460,23460,23460,23460,23460,23460,23460,23460,23460,23460,23460,23460,23460,23460,23460,23460
202,2012-07-21 12:00:00,21114,21114,21114,21114,21114,21114,21114,21114,21114,21114,21114,21114,21114,21114,21114,21114,21114,21114,21114,21114,21114,21114,21114,21114,21114,21114,21114,21114,21114,21114,21114,21114,21114,21114,21114,21114,21114,21114,21114,21114,21114,21114,21114,21114,21114,21114,21114,21114,21114,21114,21114
203,2012-07-22 12:00:00,18768,18768,18768,18768,18768,18768,18768,18768,18768,18768,18768,18768,18768,18768,18768,18768,18768,18768,18768,18768,18768,18768,18768,18768,18768,18768,18768,18768,18768,18768,18768,18768,18768,18768,18768,18768,18768,18768,18768,18768,18768,18768,18768,18768,18768,18768,18768,18768,18768,18768,18768
204,2012-07-23 12:00:00,16422,16422,16422,16422,16422,16422,16422,16422,16422,16422,16422,16422,16422,16422,16422,16422,16422,16422,16422,16422,16422,16422,16422,16422,16422,16422,16422,16422,16422,16422,16422,16422,16422,16422,16422,16422,16422,16422,16422,16422,16422,16422,16422,16422,16422,16422,16422,16422,16422,16422,16422
205,2012-07-24 12:00:00,14076,14076,14076,14076,14076,14076,14076,14076,14076,14076,14076,14076,14076,14076,14076,14076,14076,14076,14076,14076,14076,14076,14076,14076,14076,14076,14076,14076,14076,14076,14076,14076,14076,14076,14076,14076,14076,14076,14076,14076,14076,14076,14076,14076,14076,14076,14076,14076,14076,14076,14076
206,2012-07-25 12:00:00,8264.2,8264.2,8264.2,8264.2,8264.2,8264.2,8264.2,8264.2,8264.2,8264.2,8264.2,8264.2,8264.2,8264.2,8264.2,8264.2,8264.2,8264.2,8264.2,8264.2,8264.2,8264.2,8264.2,8264.2,8264.2,8264.2,8264.2,8264.2,8264.2,8264.2,8264.2,8264.2,8264.2,8264.2,8264.2,8264.2,8264.2,8264.2,8264.2,8264.2,8264.2,8264.2,8264.2,8264.2,8264.2,8264.2,8264.2,8264.2,8264.2,8264.2,8264.2
207,2012-07-26 12:00:00,9384,9384,9384,9384,9384,9384,9384,9384,9384,9384,9384,9384,9384,9384,9384,9384,9384,9384,9384,9384,9384,9384,9384,9384,9384,9384,9384,9384,9384,9384,9384,9384,9384,9384,9384,9384,9384,9384,9384,9384,9384,9384,9384,9384,9384,9384,9384,9384,9384,9384,9384
208,2012-07-27 12:00:00,7038,7038,7038,7038,7038,7038,7038,7038,7038,7038,7038,7038,7038,7038,7038,7038,7038,7038,7038,7038,7038,7038,7038,7038,7038,7038,7038,7038,7038,7038,7038,7038,7038,7038,7038,7038,7038,7038,7038,7038,7038,7038,7038,7038,7038,7038,7038,7038,7038,7038,7038
209,2012-07-28 12:00:00,4692,4692,4692,4692,4692,4692,4692,4692,4692,4692,4692,4692,4692,4692,4692,4692,4692,4692,4692,4692,4692,4692,4692,4692,4692,4692,4692,4692,4692,4692,4692,4692,4692,4692,4692,4692,4692,4692,4692,4692,4692,4692,4692,4692,4692,4692,4692,4692,4692,4692,4692
210,2012-07-29 12:00:00,2346,2346,2346,2346,2346,2346,2346,2346,2346,2346,2346,2346,2346,2346,2346,2346,2346,2346,2346,2346,2346,2346,2346,2346,2346,2346,2346,2346,2346,2346,2346,2346,2346,2346,2346,2346,2346,2346,2346,2346,2346,2346,2346,2346,2346,2346,2346,2346,2346,2346,2346
211,2012-07-30 12:00:00,0,0,0,0,0,0,0,0,0,0,0,0,0,0,0,0,0,0,0,0,0,0,0,0,0,0,0,0,0,0,0,0,0,0,0,0,0,0,0,0,0,0,0,0,0,0,0,0,0,0,0
212,2012-07-31 12:00:00,-2346,-2346,-2346,-2346,-2346,-2346,-2346,-2346,-2346,-2346,-2346,-2346,-2346,-2346,-2346,-2346,-2346,-2346,-2346,-2346,-2346,-2346,-2346,-2346,-2346,-2346,-2346,-2346,-2346,-2346,-2346,-2346,-2346,-2346,-2346,-2346,-2346,-2346,-2346,-2346,-2346,-2346,-2346,-2346,-2346,-2346,-2346,-2346,-2346,-2346,-2346
213,2012-08-01 11:59:59,-4692,-4692,-4692,-4692,-4692,-4692,-4692,-4692,-4692,-4692,-4692,-4692,-4692,-4692,-4692,-4692,-4692,-4692,-4692,-4692,-4692,-4692,-4692,-4692,-4692,-4692,-4692,-4692,-4692,-4692,-4692,-4692,-4692,-4692,-4692,-4692,-4692,-4692,-4692,-4692,-4692,-4692,-4692,-4692,-4692,-4692,-4692,-4692,-4692,-4692,-4692